,Unnamed: 0,seconds_since_hr_recording,value,id
0,0,0.0,-0.993068906930271,"(1, 19)"
1,1,300.0,-0.1815895481218773,"(1, 19)"
2,2,600.0,0.8032296993644633,"(1, 19)"
3,3,900.0,0.648477269676684,"(1, 19)"
4,4,1200.0,0.7391245413384402,"(1, 19)"
5,5,1500.0,0.298513911904425,"(1, 19)"
6,6,1800.0,0.7084811478338315,"(1, 19)"
7,7,2100.0,0.82994844537838,"(1, 19)"
8,8,2400.0,0.5715302405236435,"(1, 19)"
9,9,2700.0,-0.2649267183777564,"(1, 19)"
10,10,3000.0,0.1575805642289282,"(1, 19)"
11,11,3300.0,0.1614785619222114,"(1, 19)"
12,12,3600.0,-0.2927068080675994,"(1, 19)"
13,13,3900.0,-1.412649050160952,"(1, 19)"
14,14,4200.0,-0.7148112448994792,"(1, 19)"
15,15,4500.0,-0.5442692750682323,"(1, 19)"
16,16,4800.0,-0.5722944809179766,"(1, 19)"
17,17,5100.0,-0.3131380611809108,"(1, 19)"
18,18,5400.0,0.2303163830987763,"(1, 19)"
19,19,5700.0,0.3333953204303195,"(1, 19)"
20,1,300.0,-0.1815895481218773,"(1, 20)"
21,2,600.0,0.8032296993644633,"(1, 20)"
22,3,900.0,0.648477269676684,"(1, 20)"
23,4,1200.0,0.7391245413384402,"(1, 20)"
24,5,1500.0,0.298513911904425,"(1, 20)"
25,6,1800.0,0.7084811478338315,"(1, 20)"
26,7,2100.0,0.82994844537838,"(1, 20)"
27,8,2400.0,0.5715302405236435,"(1, 20)"
28,9,2700.0,-0.2649267183777564,"(1, 20)"
29,10,3000.0,0.1575805642289282,"(1, 20)"
30,11,3300.0,0.1614785619222114,"(1, 20)"
31,12,3600.0,-0.2927068080675994,"(1, 20)"
32,13,3900.0,-1.412649050160952,"(1, 20)"
33,14,4200.0,-0.7148112448994792,"(1, 20)"
34,15,4500.0,-0.5442692750682323,"(1, 20)"
35,16,4800.0,-0.5722944809179766,"(1, 20)"
36,17,5100.0,-0.3131380611809108,"(1, 20)"
37,18,5400.0,0.2303163830987763,"(1, 20)"
38,19,5700.0,0.3333953204303195,"(1, 20)"
39,20,6000.0,0.4495028324114335,"(1, 20)"
40,2,600.0,0.8032296993644633,"(1, 21)"
41,3,900.0,0.648477269676684,"(1, 21)"
42,4,1200.0,0.7391245413384402,"(1, 21)"
43,5,1500.0,0.298513911904425,"(1, 21)"
44,6,1800.0,0.7084811478338315,"(1, 21)"
45,7,2100.0,0.82994844537838,"(1, 21)"
46,8,2400.0,0.5715302405236435,"(1, 21)"
47,9,2700.0,-0.2649267183777564,"(1, 21)"
48,10,3000.0,0.1575805642289282,"(1, 21)"
49,11,3300.0,0.1614785619222114,"(1, 21)"
50,12,3600.0,-0.2927068080675994,"(1, 21)"
51,13,3900.0,-1.412649050160952,"(1, 21)"
52,14,4200.0,-0.7148112448994792,"(1, 21)"
53,15,4500.0,-0.5442692750682323,"(1, 21)"
54,16,4800.0,-0.5722944809179766,"(1, 21)"
55,17,5100.0,-0.3131380611809108,"(1, 21)"
56,18,5400.0,0.2303163830987763,"(1, 21)"
57,19,5700.0,0.3333953204303195,"(1, 21)"
58,20,6000.0,0.4495028324114335,"(1, 21)"
59,21,6300.0,0.0216081847998099,"(1, 21)"
60,3,900.0,0.648477269676684,"(1, 22)"
61,4,1200.0,0.7391245413384402,"(1, 22)"
62,5,1500.0,0.298513911904425,"(1, 22)"
63,6,1800.0,0.7084811478338315,"(1, 22)"
64,7,2100.0,0.82994844537838,"(1, 22)"
65,8,2400.0,0.5715302405236435,"(1, 22)"
66,9,2700.0,-0.2649267183777564,"(1, 22)"
67,10,3000.0,0.1575805642289282,"(1, 22)"
68,11,3300.0,0.1614785619222114,"(1, 22)"
69,12,3600.0,-0.2927068080675994,"(1, 22)"
70,13,3900.0,-1.412649050160952,"(1, 22)"
71,14,4200.0,-0.7148112448994792,"(1, 22)"
72,15,4500.0,-0.5442692750682323,"(1, 22)"
73,16,4800.0,-0.5722944809179766,"(1, 22)"
74,17,5100.0,-0.3131380611809108,"(1, 22)"
75,18,5400.0,0.2303163830987763,"(1, 22)"
76,19,5700.0,0.3333953204303195,"(1, 22)"
77,20,6000.0,0.4495028324114335,"(1, 22)"
78,21,6300.0,0.0216081847998099,"(1, 22)"
79,22,6600.0,0.1795307008539364,"(1, 22)"
80,4,1200.0,0.7391245413384402,"(1, 23)"
81,5,1500.0,0.298513911904425,"(1, 23)"
82,6,1800.0,0.7084811478338315,"(1, 23)"
83,7,2100.0,0.82994844537838,"(1, 23)"
84,8,2400.0,0.5715302405236435,"(1, 23)"
85,9,2700.0,-0.2649267183777564,"(1, 23)"
86,10,3000.0,0.1575805642289282,"(1, 23)"
87,11,3300.0,0.1614785619222114,"(1, 23)"
88,12,3600.0,-0.2927068080675994,"(1, 23)"
89,13,3900.0,-1.412649050160952,"(1, 23)"
90,14,4200.0,-0.7148112448994792,"(1, 23)"
91,15,4500.0,-0.5442692750682323,"(1, 23)"
92,16,4800.0,-0.5722944809179766,"(1, 23)"
93,17,5100.0,-0.3131380611809108,"(1, 23)"
94,18,5400.0,0.2303163830987763,"(1, 23)"
95,19,5700.0,0.3333953204303195,"(1, 23)"
96,20,6000.0,0.4495028324114335,"(1, 23)"
97,21,6300.0,0.0216081847998099,"(1, 23)"
98,22,6600.0,0.1795307008539364,"(1, 23)"
99,23,6900.0,0.1385942104513636,"(1, 23)"
100,5,1500.0,0.298513911904425,"(1, 24)"
101,6,1800.0,0.7084811478338315,"(1, 24)"
102,7,2100.0,0.82994844537838,"(1, 24)"
103,8,2400.0,0.5715302405236435,"(1, 24)"
104,9,2700.0,-0.2649267183777564,"(1, 24)"
105,10,3000.0,0.1575805642289282,"(1, 24)"
106,11,3300.0,0.1614785619222114,"(1, 24)"
107,12,3600.0,-0.2927068080675994,"(1, 24)"
108,13,3900.0,-1.412649050160952,"(1, 24)"
109,14,4200.0,-0.7148112448994792,"(1, 24)"
110,15,4500.0,-0.5442692750682323,"(1, 24)"
111,16,4800.0,-0.5722944809179766,"(1, 24)"
112,17,5100.0,-0.3131380611809108,"(1, 24)"
113,18,5400.0,0.2303163830987763,"(1, 24)"
114,19,5700.0,0.3333953204303195,"(1, 24)"
115,20,6000.0,0.4495028324114335,"(1, 24)"
116,21,6300.0,0.0216081847998099,"(1, 24)"
117,22,6600.0,0.1795307008539364,"(1, 24)"
118,23,6900.0,0.1385942104513636,"(1, 24)"
119,24,7200.0,0.4929351073296039,"(1, 24)"
120,6,1800.0,0.7084811478338315,"(1, 25)"
121,7,2100.0,0.82994844537838,"(1, 25)"
122,8,2400.0,0.5715302405236435,"(1, 25)"
123,9,2700.0,-0.2649267183777564,"(1, 25)"
124,10,3000.0,0.1575805642289282,"(1, 25)"
125,11,3300.0,0.1614785619222114,"(1, 25)"
126,12,3600.0,-0.2927068080675994,"(1, 25)"
127,13,3900.0,-1.412649050160952,"(1, 25)"
128,14,4200.0,-0.7148112448994792,"(1, 25)"
129,15,4500.0,-0.5442692750682323,"(1, 25)"
130,16,4800.0,-0.5722944809179766,"(1, 25)"
131,17,5100.0,-0.3131380611809108,"(1, 25)"
132,18,5400.0,0.2303163830987763,"(1, 25)"
133,19,5700.0,0.3333953204303195,"(1, 25)"
134,20,6000.0,0.4495028324114335,"(1, 25)"
135,21,6300.0,0.0216081847998099,"(1, 25)"
136,22,6600.0,0.1795307008539364,"(1, 25)"
137,23,6900.0,0.1385942104513636,"(1, 25)"
138,24,7200.0,0.4929351073296039,"(1, 25)"
139,25,7500.0,0.5246119551872691,"(1, 25)"
140,7,2100.0,0.82994844537838,"(1, 26)"
141,8,2400.0,0.5715302405236435,"(1, 26)"
142,9,2700.0,-0.2649267183777564,"(1, 26)"
143,10,3000.0,0.1575805642289282,"(1, 26)"
144,11,3300.0,0.1614785619222114,"(1, 26)"
145,12,3600.0,-0.2927068080675994,"(1, 26)"
146,13,3900.0,-1.412649050160952,"(1, 26)"
147,14,4200.0,-0.7148112448994792,"(1, 26)"
148,15,4500.0,-0.5442692750682323,"(1, 26)"
149,16,4800.0,-0.5722944809179766,"(1, 26)"
150,17,5100.0,-0.3131380611809108,"(1, 26)"
151,18,5400.0,0.2303163830987763,"(1, 26)"
152,19,5700.0,0.3333953204303195,"(1, 26)"
153,20,6000.0,0.4495028324114335,"(1, 26)"
154,21,6300.0,0.0216081847998099,"(1, 26)"
155,22,6600.0,0.1795307008539364,"(1, 26)"
156,23,6900.0,0.1385942104513636,"(1, 26)"
157,24,7200.0,0.4929351073296039,"(1, 26)"
158,25,7500.0,0.5246119551872691,"(1, 26)"
159,26,7800.0,0.4077521287217078,"(1, 26)"
160,8,2400.0,0.5715302405236435,"(1, 27)"
161,9,2700.0,-0.2649267183777564,"(1, 27)"
162,10,3000.0,0.1575805642289282,"(1, 27)"
163,11,3300.0,0.1614785619222114,"(1, 27)"
164,12,3600.0,-0.2927068080675994,"(1, 27)"
165,13,3900.0,-1.412649050160952,"(1, 27)"
166,14,4200.0,-0.7148112448994792,"(1, 27)"
167,15,4500.0,-0.5442692750682323,"(1, 27)"
168,16,4800.0,-0.5722944809179766,"(1, 27)"
169,17,5100.0,-0.3131380611809108,"(1, 27)"
170,18,5400.0,0.2303163830987763,"(1, 27)"
171,19,5700.0,0.3333953204303195,"(1, 27)"
172,20,6000.0,0.4495028324114335,"(1, 27)"
173,21,6300.0,0.0216081847998099,"(1, 27)"
174,22,6600.0,0.1795307008539364,"(1, 27)"
175,23,6900.0,0.1385942104513636,"(1, 27)"
176,24,7200.0,0.4929351073296039,"(1, 27)"
177,25,7500.0,0.5246119551872691,"(1, 27)"
178,26,7800.0,0.4077521287217078,"(1, 27)"
179,27,8100.0,0.5089945541421906,"(1, 27)"
180,9,2700.0,-0.2649267183777564,"(1, 28)"
181,10,3000.0,0.1575805642289282,"(1, 28)"
182,11,3300.0,0.1614785619222114,"(1, 28)"
183,12,3600.0,-0.2927068080675994,"(1, 28)"
184,13,3900.0,-1.412649050160952,"(1, 28)"
185,14,4200.0,-0.7148112448994792,"(1, 28)"
186,15,4500.0,-0.5442692750682323,"(1, 28)"
187,16,4800.0,-0.5722944809179766,"(1, 28)"
188,17,5100.0,-0.3131380611809108,"(1, 28)"
189,18,5400.0,0.2303163830987763,"(1, 28)"
190,19,5700.0,0.3333953204303195,"(1, 28)"
191,20,6000.0,0.4495028324114335,"(1, 28)"
192,21,6300.0,0.0216081847998099,"(1, 28)"
193,22,6600.0,0.1795307008539364,"(1, 28)"
194,23,6900.0,0.1385942104513636,"(1, 28)"
195,24,7200.0,0.4929351073296039,"(1, 28)"
196,25,7500.0,0.5246119551872691,"(1, 28)"
197,26,7800.0,0.4077521287217078,"(1, 28)"
198,27,8100.0,0.5089945541421906,"(1, 28)"
199,28,8400.0,0.7929483004880371,"(1, 28)"
200,10,3000.0,0.1575805642289282,"(1, 29)"
201,11,3300.0,0.1614785619222114,"(1, 29)"
202,12,3600.0,-0.2927068080675994,"(1, 29)"
203,13,3900.0,-1.412649050160952,"(1, 29)"
204,14,4200.0,-0.7148112448994792,"(1, 29)"
205,15,4500.0,-0.5442692750682323,"(1, 29)"
206,16,4800.0,-0.5722944809179766,"(1, 29)"
207,17,5100.0,-0.3131380611809108,"(1, 29)"
208,18,5400.0,0.2303163830987763,"(1, 29)"
209,19,5700.0,0.3333953204303195,"(1, 29)"
210,20,6000.0,0.4495028324114335,"(1, 29)"
211,21,6300.0,0.0216081847998099,"(1, 29)"
212,22,6600.0,0.1795307008539364,"(1, 29)"
213,23,6900.0,0.1385942104513636,"(1, 29)"
214,24,7200.0,0.4929351073296039,"(1, 29)"
215,25,7500.0,0.5246119551872691,"(1, 29)"
216,26,7800.0,0.4077521287217078,"(1, 29)"
217,27,8100.0,0.5089945541421906,"(1, 29)"
218,28,8400.0,0.7929483004880371,"(1, 29)"
219,29,8700.0,0.6882215689968592,"(1, 29)"
220,11,3300.0,0.1614785619222114,"(1, 30)"
221,12,3600.0,-0.2927068080675994,"(1, 30)"
222,13,3900.0,-1.412649050160952,"(1, 30)"
223,14,4200.0,-0.7148112448994792,"(1, 30)"
224,15,4500.0,-0.5442692750682323,"(1, 30)"
225,16,4800.0,-0.5722944809179766,"(1, 30)"
226,17,5100.0,-0.3131380611809108,"(1, 30)"
227,18,5400.0,0.2303163830987763,"(1, 30)"
228,19,5700.0,0.3333953204303195,"(1, 30)"
229,20,6000.0,0.4495028324114335,"(1, 30)"
230,21,6300.0,0.0216081847998099,"(1, 30)"
231,22,6600.0,0.1795307008539364,"(1, 30)"
232,23,6900.0,0.1385942104513636,"(1, 30)"
233,24,7200.0,0.4929351073296039,"(1, 30)"
234,25,7500.0,0.5246119551872691,"(1, 30)"
235,26,7800.0,0.4077521287217078,"(1, 30)"
236,27,8100.0,0.5089945541421906,"(1, 30)"
237,28,8400.0,0.7929483004880371,"(1, 30)"
238,29,8700.0,0.6882215689968592,"(1, 30)"
239,30,9000.0,0.585733265547452,"(1, 30)"
240,12,3600.0,-0.2927068080675994,"(1, 31)"
241,13,3900.0,-1.412649050160952,"(1, 31)"
242,14,4200.0,-0.7148112448994792,"(1, 31)"
243,15,4500.0,-0.5442692750682323,"(1, 31)"
244,16,4800.0,-0.5722944809179766,"(1, 31)"
245,17,5100.0,-0.3131380611809108,"(1, 31)"
246,18,5400.0,0.2303163830987763,"(1, 31)"
247,19,5700.0,0.3333953204303195,"(1, 31)"
248,20,6000.0,0.4495028324114335,"(1, 31)"
249,21,6300.0,0.0216081847998099,"(1, 31)"
250,22,6600.0,0.1795307008539364,"(1, 31)"
251,23,6900.0,0.1385942104513636,"(1, 31)"
252,24,7200.0,0.4929351073296039,"(1, 31)"
253,25,7500.0,0.5246119551872691,"(1, 31)"
254,26,7800.0,0.4077521287217078,"(1, 31)"
255,27,8100.0,0.5089945541421906,"(1, 31)"
256,28,8400.0,0.7929483004880371,"(1, 31)"
257,29,8700.0,0.6882215689968592,"(1, 31)"
258,30,9000.0,0.585733265547452,"(1, 31)"
259,31,9300.0,0.7624950192009996,"(1, 31)"
260,13,3900.0,-1.412649050160952,"(1, 32)"
261,14,4200.0,-0.7148112448994792,"(1, 32)"
262,15,4500.0,-0.5442692750682323,"(1, 32)"
263,16,4800.0,-0.5722944809179766,"(1, 32)"
264,17,5100.0,-0.3131380611809108,"(1, 32)"
265,18,5400.0,0.2303163830987763,"(1, 32)"
266,19,5700.0,0.3333953204303195,"(1, 32)"
267,20,6000.0,0.4495028324114335,"(1, 32)"
268,21,6300.0,0.0216081847998099,"(1, 32)"
269,22,6600.0,0.1795307008539364,"(1, 32)"
270,23,6900.0,0.1385942104513636,"(1, 32)"
271,24,7200.0,0.4929351073296039,"(1, 32)"
272,25,7500.0,0.5246119551872691,"(1, 32)"
273,26,7800.0,0.4077521287217078,"(1, 32)"
274,27,8100.0,0.5089945541421906,"(1, 32)"
275,28,8400.0,0.7929483004880371,"(1, 32)"
276,29,8700.0,0.6882215689968592,"(1, 32)"
277,30,9000.0,0.585733265547452,"(1, 32)"
278,31,9300.0,0.7624950192009996,"(1, 32)"
279,32,9600.0,0.7971606728263494,"(1, 32)"
280,14,4200.0,-0.7148112448994792,"(1, 33)"
281,15,4500.0,-0.5442692750682323,"(1, 33)"
282,16,4800.0,-0.5722944809179766,"(1, 33)"
283,17,5100.0,-0.3131380611809108,"(1, 33)"
284,18,5400.0,0.2303163830987763,"(1, 33)"
285,19,5700.0,0.3333953204303195,"(1, 33)"
286,20,6000.0,0.4495028324114335,"(1, 33)"
287,21,6300.0,0.0216081847998099,"(1, 33)"
288,22,6600.0,0.1795307008539364,"(1, 33)"
289,23,6900.0,0.1385942104513636,"(1, 33)"
290,24,7200.0,0.4929351073296039,"(1, 33)"
291,25,7500.0,0.5246119551872691,"(1, 33)"
292,26,7800.0,0.4077521287217078,"(1, 33)"
293,27,8100.0,0.5089945541421906,"(1, 33)"
294,28,8400.0,0.7929483004880371,"(1, 33)"
295,29,8700.0,0.6882215689968592,"(1, 33)"
296,30,9000.0,0.585733265547452,"(1, 33)"
297,31,9300.0,0.7624950192009996,"(1, 33)"
298,32,9600.0,0.7971606728263494,"(1, 33)"
299,33,9900.0,0.4851078139251508,"(1, 33)"
300,15,4500.0,-0.5442692750682323,"(1, 34)"
301,16,4800.0,-0.5722944809179766,"(1, 34)"
302,17,5100.0,-0.3131380611809108,"(1, 34)"
303,18,5400.0,0.2303163830987763,"(1, 34)"
304,19,5700.0,0.3333953204303195,"(1, 34)"
305,20,6000.0,0.4495028324114335,"(1, 34)"
306,21,6300.0,0.0216081847998099,"(1, 34)"
307,22,6600.0,0.1795307008539364,"(1, 34)"
308,23,6900.0,0.1385942104513636,"(1, 34)"
309,24,7200.0,0.4929351073296039,"(1, 34)"
310,25,7500.0,0.5246119551872691,"(1, 34)"
311,26,7800.0,0.4077521287217078,"(1, 34)"
312,27,8100.0,0.5089945541421906,"(1, 34)"
313,28,8400.0,0.7929483004880371,"(1, 34)"
314,29,8700.0,0.6882215689968592,"(1, 34)"
315,30,9000.0,0.585733265547452,"(1, 34)"
316,31,9300.0,0.7624950192009996,"(1, 34)"
317,32,9600.0,0.7971606728263494,"(1, 34)"
318,33,9900.0,0.4851078139251508,"(1, 34)"
319,34,10200.0,-0.1552826344423577,"(1, 34)"
320,16,4800.0,-0.5722944809179766,"(1, 35)"
321,17,5100.0,-0.3131380611809108,"(1, 35)"
322,18,5400.0,0.2303163830987763,"(1, 35)"
323,19,5700.0,0.3333953204303195,"(1, 35)"
324,20,6000.0,0.4495028324114335,"(1, 35)"
325,21,6300.0,0.0216081847998099,"(1, 35)"
326,22,6600.0,0.1795307008539364,"(1, 35)"
327,23,6900.0,0.1385942104513636,"(1, 35)"
328,24,7200.0,0.4929351073296039,"(1, 35)"
329,25,7500.0,0.5246119551872691,"(1, 35)"
330,26,7800.0,0.4077521287217078,"(1, 35)"
331,27,8100.0,0.5089945541421906,"(1, 35)"
332,28,8400.0,0.7929483004880371,"(1, 35)"
333,29,8700.0,0.6882215689968592,"(1, 35)"
334,30,9000.0,0.585733265547452,"(1, 35)"
335,31,9300.0,0.7624950192009996,"(1, 35)"
336,32,9600.0,0.7971606728263494,"(1, 35)"
337,33,9900.0,0.4851078139251508,"(1, 35)"
338,34,10200.0,-0.1552826344423577,"(1, 35)"
339,35,10500.0,0.9104633711003868,"(1, 35)"
340,17,5100.0,-0.3131380611809108,"(1, 36)"
341,18,5400.0,0.2303163830987763,"(1, 36)"
342,19,5700.0,0.3333953204303195,"(1, 36)"
343,20,6000.0,0.4495028324114335,"(1, 36)"
344,21,6300.0,0.0216081847998099,"(1, 36)"
345,22,6600.0,0.1795307008539364,"(1, 36)"
346,23,6900.0,0.1385942104513636,"(1, 36)"
347,24,7200.0,0.4929351073296039,"(1, 36)"
348,25,7500.0,0.5246119551872691,"(1, 36)"
349,26,7800.0,0.4077521287217078,"(1, 36)"
350,27,8100.0,0.5089945541421906,"(1, 36)"
351,28,8400.0,0.7929483004880371,"(1, 36)"
352,29,8700.0,0.6882215689968592,"(1, 36)"
353,30,9000.0,0.585733265547452,"(1, 36)"
354,31,9300.0,0.7624950192009996,"(1, 36)"
355,32,9600.0,0.7971606728263494,"(1, 36)"
356,33,9900.0,0.4851078139251508,"(1, 36)"
357,34,10200.0,-0.1552826344423577,"(1, 36)"
358,35,10500.0,0.9104633711003868,"(1, 36)"
359,36,10800.0,0.0905010099187037,"(1, 36)"
360,18,5400.0,0.2303163830987763,"(1, 37)"
361,19,5700.0,0.3333953204303195,"(1, 37)"
362,20,6000.0,0.4495028324114335,"(1, 37)"
363,21,6300.0,0.0216081847998099,"(1, 37)"
364,22,6600.0,0.1795307008539364,"(1, 37)"
365,23,6900.0,0.1385942104513636,"(1, 37)"
366,24,7200.0,0.4929351073296039,"(1, 37)"
367,25,7500.0,0.5246119551872691,"(1, 37)"
368,26,7800.0,0.4077521287217078,"(1, 37)"
369,27,8100.0,0.5089945541421906,"(1, 37)"
370,28,8400.0,0.7929483004880371,"(1, 37)"
371,29,8700.0,0.6882215689968592,"(1, 37)"
372,30,9000.0,0.585733265547452,"(1, 37)"
373,31,9300.0,0.7624950192009996,"(1, 37)"
374,32,9600.0,0.7971606728263494,"(1, 37)"
375,33,9900.0,0.4851078139251508,"(1, 37)"
376,34,10200.0,-0.1552826344423577,"(1, 37)"
377,35,10500.0,0.9104633711003868,"(1, 37)"
378,36,10800.0,0.0905010099187037,"(1, 37)"
379,37,11100.0,0.2209342599442585,"(1, 37)"
380,19,5700.0,0.3333953204303195,"(1, 38)"
381,20,6000.0,0.4495028324114335,"(1, 38)"
382,21,6300.0,0.0216081847998099,"(1, 38)"
383,22,6600.0,0.1795307008539364,"(1, 38)"
384,23,6900.0,0.1385942104513636,"(1, 38)"
385,24,7200.0,0.4929351073296039,"(1, 38)"
386,25,7500.0,0.5246119551872691,"(1, 38)"
387,26,7800.0,0.4077521287217078,"(1, 38)"
388,27,8100.0,0.5089945541421906,"(1, 38)"
389,28,8400.0,0.7929483004880371,"(1, 38)"
390,29,8700.0,0.6882215689968592,"(1, 38)"
391,30,9000.0,0.585733265547452,"(1, 38)"
392,31,9300.0,0.7624950192009996,"(1, 38)"
393,32,9600.0,0.7971606728263494,"(1, 38)"
394,33,9900.0,0.4851078139251508,"(1, 38)"
395,34,10200.0,-0.1552826344423577,"(1, 38)"
396,35,10500.0,0.9104633711003868,"(1, 38)"
397,36,10800.0,0.0905010099187037,"(1, 38)"
398,37,11100.0,0.2209342599442585,"(1, 38)"
399,38,11400.0,0.0310701024058744,"(1, 38)"
400,20,6000.0,0.4495028324114335,"(1, 39)"
401,21,6300.0,0.0216081847998099,"(1, 39)"
402,22,6600.0,0.1795307008539364,"(1, 39)"
403,23,6900.0,0.1385942104513636,"(1, 39)"
404,24,7200.0,0.4929351073296039,"(1, 39)"
405,25,7500.0,0.5246119551872691,"(1, 39)"
406,26,7800.0,0.4077521287217078,"(1, 39)"
407,27,8100.0,0.5089945541421906,"(1, 39)"
408,28,8400.0,0.7929483004880371,"(1, 39)"
409,29,8700.0,0.6882215689968592,"(1, 39)"
410,30,9000.0,0.585733265547452,"(1, 39)"
411,31,9300.0,0.7624950192009996,"(1, 39)"
412,32,9600.0,0.7971606728263494,"(1, 39)"
413,33,9900.0,0.4851078139251508,"(1, 39)"
414,34,10200.0,-0.1552826344423577,"(1, 39)"
415,35,10500.0,0.9104633711003868,"(1, 39)"
416,36,10800.0,0.0905010099187037,"(1, 39)"
417,37,11100.0,0.2209342599442585,"(1, 39)"
418,38,11400.0,0.0310701024058744,"(1, 39)"
419,39,11700.0,0.0339662536453546,"(1, 39)"
420,21,6300.0,0.0216081847998099,"(1, 40)"
421,22,6600.0,0.1795307008539364,"(1, 40)"
422,23,6900.0,0.1385942104513636,"(1, 40)"
423,24,7200.0,0.4929351073296039,"(1, 40)"
424,25,7500.0,0.5246119551872691,"(1, 40)"
425,26,7800.0,0.4077521287217078,"(1, 40)"
426,27,8100.0,0.5089945541421906,"(1, 40)"
427,28,8400.0,0.7929483004880371,"(1, 40)"
428,29,8700.0,0.6882215689968592,"(1, 40)"
429,30,9000.0,0.585733265547452,"(1, 40)"
430,31,9300.0,0.7624950192009996,"(1, 40)"
431,32,9600.0,0.7971606728263494,"(1, 40)"
432,33,9900.0,0.4851078139251508,"(1, 40)"
433,34,10200.0,-0.1552826344423577,"(1, 40)"
434,35,10500.0,0.9104633711003868,"(1, 40)"
435,36,10800.0,0.0905010099187037,"(1, 40)"
436,37,11100.0,0.2209342599442585,"(1, 40)"
437,38,11400.0,0.0310701024058744,"(1, 40)"
438,39,11700.0,0.0339662536453546,"(1, 40)"
439,40,12000.0,0.0085668275439236,"(1, 40)"
440,22,6600.0,0.1795307008539364,"(1, 41)"
441,23,6900.0,0.1385942104513636,"(1, 41)"
442,24,7200.0,0.4929351073296039,"(1, 41)"
443,25,7500.0,0.5246119551872691,"(1, 41)"
444,26,7800.0,0.4077521287217078,"(1, 41)"
445,27,8100.0,0.5089945541421906,"(1, 41)"
446,28,8400.0,0.7929483004880371,"(1, 41)"
447,29,8700.0,0.6882215689968592,"(1, 41)"
448,30,9000.0,0.585733265547452,"(1, 41)"
449,31,9300.0,0.7624950192009996,"(1, 41)"
450,32,9600.0,0.7971606728263494,"(1, 41)"
451,33,9900.0,0.4851078139251508,"(1, 41)"
452,34,10200.0,-0.1552826344423577,"(1, 41)"
453,35,10500.0,0.9104633711003868,"(1, 41)"
454,36,10800.0,0.0905010099187037,"(1, 41)"
455,37,11100.0,0.2209342599442585,"(1, 41)"
456,38,11400.0,0.0310701024058744,"(1, 41)"
457,39,11700.0,0.0339662536453546,"(1, 41)"
458,40,12000.0,0.0085668275439236,"(1, 41)"
459,41,12300.0,0.2783111962979738,"(1, 41)"
460,23,6900.0,0.1385942104513636,"(1, 42)"
461,24,7200.0,0.4929351073296039,"(1, 42)"
462,25,7500.0,0.5246119551872691,"(1, 42)"
463,26,7800.0,0.4077521287217078,"(1, 42)"
464,27,8100.0,0.5089945541421906,"(1, 42)"
465,28,8400.0,0.7929483004880371,"(1, 42)"
466,29,8700.0,0.6882215689968592,"(1, 42)"
467,30,9000.0,0.585733265547452,"(1, 42)"
468,31,9300.0,0.7624950192009996,"(1, 42)"
469,32,9600.0,0.7971606728263494,"(1, 42)"
470,33,9900.0,0.4851078139251508,"(1, 42)"
471,34,10200.0,-0.1552826344423577,"(1, 42)"
472,35,10500.0,0.9104633711003868,"(1, 42)"
473,36,10800.0,0.0905010099187037,"(1, 42)"
474,37,11100.0,0.2209342599442585,"(1, 42)"
475,38,11400.0,0.0310701024058744,"(1, 42)"
476,39,11700.0,0.0339662536453546,"(1, 42)"
477,40,12000.0,0.0085668275439236,"(1, 42)"
478,41,12300.0,0.2783111962979738,"(1, 42)"
479,42,12600.0,0.0667063819374795,"(1, 42)"
480,24,7200.0,0.4929351073296039,"(1, 43)"
481,25,7500.0,0.5246119551872691,"(1, 43)"
482,26,7800.0,0.4077521287217078,"(1, 43)"
483,27,8100.0,0.5089945541421906,"(1, 43)"
484,28,8400.0,0.7929483004880371,"(1, 43)"
485,29,8700.0,0.6882215689968592,"(1, 43)"
486,30,9000.0,0.585733265547452,"(1, 43)"
487,31,9300.0,0.7624950192009996,"(1, 43)"
488,32,9600.0,0.7971606728263494,"(1, 43)"
489,33,9900.0,0.4851078139251508,"(1, 43)"
490,34,10200.0,-0.1552826344423577,"(1, 43)"
491,35,10500.0,0.9104633711003868,"(1, 43)"
492,36,10800.0,0.0905010099187037,"(1, 43)"
493,37,11100.0,0.2209342599442585,"(1, 43)"
494,38,11400.0,0.0310701024058744,"(1, 43)"
495,39,11700.0,0.0339662536453546,"(1, 43)"
496,40,12000.0,0.0085668275439236,"(1, 43)"
497,41,12300.0,0.2783111962979738,"(1, 43)"
498,42,12600.0,0.0667063819374795,"(1, 43)"
499,43,12900.0,0.0521717838528708,"(1, 43)"
500,25,7500.0,0.5246119551872691,"(1, 44)"
501,26,7800.0,0.4077521287217078,"(1, 44)"
502,27,8100.0,0.5089945541421906,"(1, 44)"
503,28,8400.0,0.7929483004880371,"(1, 44)"
504,29,8700.0,0.6882215689968592,"(1, 44)"
505,30,9000.0,0.585733265547452,"(1, 44)"
506,31,9300.0,0.7624950192009996,"(1, 44)"
507,32,9600.0,0.7971606728263494,"(1, 44)"
508,33,9900.0,0.4851078139251508,"(1, 44)"
509,34,10200.0,-0.1552826344423577,"(1, 44)"
510,35,10500.0,0.9104633711003868,"(1, 44)"
511,36,10800.0,0.0905010099187037,"(1, 44)"
512,37,11100.0,0.2209342599442585,"(1, 44)"
513,38,11400.0,0.0310701024058744,"(1, 44)"
514,39,11700.0,0.0339662536453546,"(1, 44)"
515,40,12000.0,0.0085668275439236,"(1, 44)"
516,41,12300.0,0.2783111962979738,"(1, 44)"
517,42,12600.0,0.0667063819374795,"(1, 44)"
518,43,12900.0,0.0521717838528708,"(1, 44)"
519,44,13200.0,0.0671127138776432,"(1, 44)"
520,26,7800.0,0.4077521287217078,"(1, 45)"
521,27,8100.0,0.5089945541421906,"(1, 45)"
522,28,8400.0,0.7929483004880371,"(1, 45)"
523,29,8700.0,0.6882215689968592,"(1, 45)"
524,30,9000.0,0.585733265547452,"(1, 45)"
525,31,9300.0,0.7624950192009996,"(1, 45)"
526,32,9600.0,0.7971606728263494,"(1, 45)"
527,33,9900.0,0.4851078139251508,"(1, 45)"
528,34,10200.0,-0.1552826344423577,"(1, 45)"
529,35,10500.0,0.9104633711003868,"(1, 45)"
530,36,10800.0,0.0905010099187037,"(1, 45)"
531,37,11100.0,0.2209342599442585,"(1, 45)"
532,38,11400.0,0.0310701024058744,"(1, 45)"
533,39,11700.0,0.0339662536453546,"(1, 45)"
534,40,12000.0,0.0085668275439236,"(1, 45)"
535,41,12300.0,0.2783111962979738,"(1, 45)"
536,42,12600.0,0.0667063819374795,"(1, 45)"
537,43,12900.0,0.0521717838528708,"(1, 45)"
538,44,13200.0,0.0671127138776432,"(1, 45)"
539,45,13500.0,0.7779639096017902,"(1, 45)"
540,27,8100.0,0.5089945541421906,"(1, 46)"
541,28,8400.0,0.7929483004880371,"(1, 46)"
542,29,8700.0,0.6882215689968592,"(1, 46)"
543,30,9000.0,0.585733265547452,"(1, 46)"
544,31,9300.0,0.7624950192009996,"(1, 46)"
545,32,9600.0,0.7971606728263494,"(1, 46)"
546,33,9900.0,0.4851078139251508,"(1, 46)"
547,34,10200.0,-0.1552826344423577,"(1, 46)"
548,35,10500.0,0.9104633711003868,"(1, 46)"
549,36,10800.0,0.0905010099187037,"(1, 46)"
550,37,11100.0,0.2209342599442585,"(1, 46)"
551,38,11400.0,0.0310701024058744,"(1, 46)"
552,39,11700.0,0.0339662536453546,"(1, 46)"
553,40,12000.0,0.0085668275439236,"(1, 46)"
554,41,12300.0,0.2783111962979738,"(1, 46)"
555,42,12600.0,0.0667063819374795,"(1, 46)"
556,43,12900.0,0.0521717838528708,"(1, 46)"
557,44,13200.0,0.0671127138776432,"(1, 46)"
558,45,13500.0,0.7779639096017902,"(1, 46)"
559,46,13800.0,0.8333555909891306,"(1, 46)"
560,28,8400.0,0.7929483004880371,"(1, 47)"
561,29,8700.0,0.6882215689968592,"(1, 47)"
562,30,9000.0,0.585733265547452,"(1, 47)"
563,31,9300.0,0.7624950192009996,"(1, 47)"
564,32,9600.0,0.7971606728263494,"(1, 47)"
565,33,9900.0,0.4851078139251508,"(1, 47)"
566,34,10200.0,-0.1552826344423577,"(1, 47)"
567,35,10500.0,0.9104633711003868,"(1, 47)"
568,36,10800.0,0.0905010099187037,"(1, 47)"
569,37,11100.0,0.2209342599442585,"(1, 47)"
570,38,11400.0,0.0310701024058744,"(1, 47)"
571,39,11700.0,0.0339662536453546,"(1, 47)"
572,40,12000.0,0.0085668275439236,"(1, 47)"
573,41,12300.0,0.2783111962979738,"(1, 47)"
574,42,12600.0,0.0667063819374795,"(1, 47)"
575,43,12900.0,0.0521717838528708,"(1, 47)"
576,44,13200.0,0.0671127138776432,"(1, 47)"
577,45,13500.0,0.7779639096017902,"(1, 47)"
578,46,13800.0,0.8333555909891306,"(1, 47)"
579,47,14100.0,0.7162587052791646,"(1, 47)"
580,29,8700.0,0.6882215689968592,"(1, 48)"
581,30,9000.0,0.585733265547452,"(1, 48)"
582,31,9300.0,0.7624950192009996,"(1, 48)"
583,32,9600.0,0.7971606728263494,"(1, 48)"
584,33,9900.0,0.4851078139251508,"(1, 48)"
585,34,10200.0,-0.1552826344423577,"(1, 48)"
586,35,10500.0,0.9104633711003868,"(1, 48)"
587,36,10800.0,0.0905010099187037,"(1, 48)"
588,37,11100.0,0.2209342599442585,"(1, 48)"
589,38,11400.0,0.0310701024058744,"(1, 48)"
590,39,11700.0,0.0339662536453546,"(1, 48)"
591,40,12000.0,0.0085668275439236,"(1, 48)"
592,41,12300.0,0.2783111962979738,"(1, 48)"
593,42,12600.0,0.0667063819374795,"(1, 48)"
594,43,12900.0,0.0521717838528708,"(1, 48)"
595,44,13200.0,0.0671127138776432,"(1, 48)"
596,45,13500.0,0.7779639096017902,"(1, 48)"
597,46,13800.0,0.8333555909891306,"(1, 48)"
598,47,14100.0,0.7162587052791646,"(1, 48)"
599,48,14400.0,1.3057155030499343,"(1, 48)"
600,30,9000.0,0.585733265547452,"(1, 49)"
601,31,9300.0,0.7624950192009996,"(1, 49)"
602,32,9600.0,0.7971606728263494,"(1, 49)"
603,33,9900.0,0.4851078139251508,"(1, 49)"
604,34,10200.0,-0.1552826344423577,"(1, 49)"
605,35,10500.0,0.9104633711003868,"(1, 49)"
606,36,10800.0,0.0905010099187037,"(1, 49)"
607,37,11100.0,0.2209342599442585,"(1, 49)"
608,38,11400.0,0.0310701024058744,"(1, 49)"
609,39,11700.0,0.0339662536453546,"(1, 49)"
610,40,12000.0,0.0085668275439236,"(1, 49)"
611,41,12300.0,0.2783111962979738,"(1, 49)"
612,42,12600.0,0.0667063819374795,"(1, 49)"
613,43,12900.0,0.0521717838528708,"(1, 49)"
614,44,13200.0,0.0671127138776432,"(1, 49)"
615,45,13500.0,0.7779639096017902,"(1, 49)"
616,46,13800.0,0.8333555909891306,"(1, 49)"
617,47,14100.0,0.7162587052791646,"(1, 49)"
618,48,14400.0,1.3057155030499343,"(1, 49)"
619,49,14700.0,1.0607987518081157,"(1, 49)"
620,31,9300.0,0.7624950192009996,"(1, 50)"
621,32,9600.0,0.7971606728263494,"(1, 50)"
622,33,9900.0,0.4851078139251508,"(1, 50)"
623,34,10200.0,-0.1552826344423577,"(1, 50)"
624,35,10500.0,0.9104633711003868,"(1, 50)"
625,36,10800.0,0.0905010099187037,"(1, 50)"
626,37,11100.0,0.2209342599442585,"(1, 50)"
627,38,11400.0,0.0310701024058744,"(1, 50)"
628,39,11700.0,0.0339662536453546,"(1, 50)"
629,40,12000.0,0.0085668275439236,"(1, 50)"
630,41,12300.0,0.2783111962979738,"(1, 50)"
631,42,12600.0,0.0667063819374795,"(1, 50)"
632,43,12900.0,0.0521717838528708,"(1, 50)"
633,44,13200.0,0.0671127138776432,"(1, 50)"
634,45,13500.0,0.7779639096017902,"(1, 50)"
635,46,13800.0,0.8333555909891306,"(1, 50)"
636,47,14100.0,0.7162587052791646,"(1, 50)"
637,48,14400.0,1.3057155030499343,"(1, 50)"
638,49,14700.0,1.0607987518081157,"(1, 50)"
639,50,15000.0,-0.1009615157015593,"(1, 50)"
640,32,9600.0,0.7971606728263494,"(1, 51)"
641,33,9900.0,0.4851078139251508,"(1, 51)"
642,34,10200.0,-0.1552826344423577,"(1, 51)"
643,35,10500.0,0.9104633711003868,"(1, 51)"
644,36,10800.0,0.0905010099187037,"(1, 51)"
645,37,11100.0,0.2209342599442585,"(1, 51)"
646,38,11400.0,0.0310701024058744,"(1, 51)"
647,39,11700.0,0.0339662536453546,"(1, 51)"
648,40,12000.0,0.0085668275439236,"(1, 51)"
649,41,12300.0,0.2783111962979738,"(1, 51)"
650,42,12600.0,0.0667063819374795,"(1, 51)"
651,43,12900.0,0.0521717838528708,"(1, 51)"
652,44,13200.0,0.0671127138776432,"(1, 51)"
653,45,13500.0,0.7779639096017902,"(1, 51)"
654,46,13800.0,0.8333555909891306,"(1, 51)"
655,47,14100.0,0.7162587052791646,"(1, 51)"
656,48,14400.0,1.3057155030499343,"(1, 51)"
657,49,14700.0,1.0607987518081157,"(1, 51)"
658,50,15000.0,-0.1009615157015593,"(1, 51)"
659,51,15300.0,-0.206486966411629,"(1, 51)"
660,33,9900.0,0.4851078139251508,"(1, 52)"
661,34,10200.0,-0.1552826344423577,"(1, 52)"
662,35,10500.0,0.9104633711003868,"(1, 52)"
663,36,10800.0,0.0905010099187037,"(1, 52)"
664,37,11100.0,0.2209342599442585,"(1, 52)"
665,38,11400.0,0.0310701024058744,"(1, 52)"
666,39,11700.0,0.0339662536453546,"(1, 52)"
667,40,12000.0,0.0085668275439236,"(1, 52)"
668,41,12300.0,0.2783111962979738,"(1, 52)"
669,42,12600.0,0.0667063819374795,"(1, 52)"
670,43,12900.0,0.0521717838528708,"(1, 52)"
671,44,13200.0,0.0671127138776432,"(1, 52)"
672,45,13500.0,0.7779639096017902,"(1, 52)"
673,46,13800.0,0.8333555909891306,"(1, 52)"
674,47,14100.0,0.7162587052791646,"(1, 52)"
675,48,14400.0,1.3057155030499343,"(1, 52)"
676,49,14700.0,1.0607987518081157,"(1, 52)"
677,50,15000.0,-0.1009615157015593,"(1, 52)"
678,51,15300.0,-0.206486966411629,"(1, 52)"
679,52,15600.0,-0.177454181302825,"(1, 52)"
680,34,10200.0,-0.1552826344423577,"(1, 53)"
681,35,10500.0,0.9104633711003868,"(1, 53)"
682,36,10800.0,0.0905010099187037,"(1, 53)"
683,37,11100.0,0.2209342599442585,"(1, 53)"
684,38,11400.0,0.0310701024058744,"(1, 53)"
685,39,11700.0,0.0339662536453546,"(1, 53)"
686,40,12000.0,0.0085668275439236,"(1, 53)"
687,41,12300.0,0.2783111962979738,"(1, 53)"
688,42,12600.0,0.0667063819374795,"(1, 53)"
689,43,12900.0,0.0521717838528708,"(1, 53)"
690,44,13200.0,0.0671127138776432,"(1, 53)"
691,45,13500.0,0.7779639096017902,"(1, 53)"
692,46,13800.0,0.8333555909891306,"(1, 53)"
693,47,14100.0,0.7162587052791646,"(1, 53)"
694,48,14400.0,1.3057155030499343,"(1, 53)"
695,49,14700.0,1.0607987518081157,"(1, 53)"
696,50,15000.0,-0.1009615157015593,"(1, 53)"
697,51,15300.0,-0.206486966411629,"(1, 53)"
698,52,15600.0,-0.177454181302825,"(1, 53)"
699,53,15900.0,-0.0648882259746328,"(1, 53)"
700,35,10500.0,0.9104633711003868,"(1, 54)"
701,36,10800.0,0.0905010099187037,"(1, 54)"
702,37,11100.0,0.2209342599442585,"(1, 54)"
703,38,11400.0,0.0310701024058744,"(1, 54)"
704,39,11700.0,0.0339662536453546,"(1, 54)"
705,40,12000.0,0.0085668275439236,"(1, 54)"
706,41,12300.0,0.2783111962979738,"(1, 54)"
707,42,12600.0,0.0667063819374795,"(1, 54)"
708,43,12900.0,0.0521717838528708,"(1, 54)"
709,44,13200.0,0.0671127138776432,"(1, 54)"
710,45,13500.0,0.7779639096017902,"(1, 54)"
711,46,13800.0,0.8333555909891306,"(1, 54)"
712,47,14100.0,0.7162587052791646,"(1, 54)"
713,48,14400.0,1.3057155030499343,"(1, 54)"
714,49,14700.0,1.0607987518081157,"(1, 54)"
715,50,15000.0,-0.1009615157015593,"(1, 54)"
716,51,15300.0,-0.206486966411629,"(1, 54)"
717,52,15600.0,-0.177454181302825,"(1, 54)"
718,53,15900.0,-0.0648882259746328,"(1, 54)"
719,54,16200.0,-0.3175089378375411,"(1, 54)"
720,36,10800.0,0.0905010099187037,"(1, 55)"
721,37,11100.0,0.2209342599442585,"(1, 55)"
722,38,11400.0,0.0310701024058744,"(1, 55)"
723,39,11700.0,0.0339662536453546,"(1, 55)"
724,40,12000.0,0.0085668275439236,"(1, 55)"
725,41,12300.0,0.2783111962979738,"(1, 55)"
726,42,12600.0,0.0667063819374795,"(1, 55)"
727,43,12900.0,0.0521717838528708,"(1, 55)"
728,44,13200.0,0.0671127138776432,"(1, 55)"
729,45,13500.0,0.7779639096017902,"(1, 55)"
730,46,13800.0,0.8333555909891306,"(1, 55)"
731,47,14100.0,0.7162587052791646,"(1, 55)"
732,48,14400.0,1.3057155030499343,"(1, 55)"
733,49,14700.0,1.0607987518081157,"(1, 55)"
734,50,15000.0,-0.1009615157015593,"(1, 55)"
735,51,15300.0,-0.206486966411629,"(1, 55)"
736,52,15600.0,-0.177454181302825,"(1, 55)"
737,53,15900.0,-0.0648882259746328,"(1, 55)"
738,54,16200.0,-0.3175089378375411,"(1, 55)"
739,55,16500.0,-0.30543402308948,"(1, 55)"
740,37,11100.0,0.2209342599442585,"(1, 56)"
741,38,11400.0,0.0310701024058744,"(1, 56)"
742,39,11700.0,0.0339662536453546,"(1, 56)"
743,40,12000.0,0.0085668275439236,"(1, 56)"
744,41,12300.0,0.2783111962979738,"(1, 56)"
745,42,12600.0,0.0667063819374795,"(1, 56)"
746,43,12900.0,0.0521717838528708,"(1, 56)"
747,44,13200.0,0.0671127138776432,"(1, 56)"
748,45,13500.0,0.7779639096017902,"(1, 56)"
749,46,13800.0,0.8333555909891306,"(1, 56)"
750,47,14100.0,0.7162587052791646,"(1, 56)"
751,48,14400.0,1.3057155030499343,"(1, 56)"
752,49,14700.0,1.0607987518081157,"(1, 56)"
753,50,15000.0,-0.1009615157015593,"(1, 56)"
754,51,15300.0,-0.206486966411629,"(1, 56)"
755,52,15600.0,-0.177454181302825,"(1, 56)"
756,53,15900.0,-0.0648882259746328,"(1, 56)"
757,54,16200.0,-0.3175089378375411,"(1, 56)"
758,55,16500.0,-0.30543402308948,"(1, 56)"
759,56,16800.0,-0.2426214577081901,"(1, 56)"
760,38,11400.0,0.0310701024058744,"(1, 57)"
761,39,11700.0,0.0339662536453546,"(1, 57)"
762,40,12000.0,0.0085668275439236,"(1, 57)"
763,41,12300.0,0.2783111962979738,"(1, 57)"
764,42,12600.0,0.0667063819374795,"(1, 57)"
765,43,12900.0,0.0521717838528708,"(1, 57)"
766,44,13200.0,0.0671127138776432,"(1, 57)"
767,45,13500.0,0.7779639096017902,"(1, 57)"
768,46,13800.0,0.8333555909891306,"(1, 57)"
769,47,14100.0,0.7162587052791646,"(1, 57)"
770,48,14400.0,1.3057155030499343,"(1, 57)"
771,49,14700.0,1.0607987518081157,"(1, 57)"
772,50,15000.0,-0.1009615157015593,"(1, 57)"
773,51,15300.0,-0.206486966411629,"(1, 57)"
774,52,15600.0,-0.177454181302825,"(1, 57)"
775,53,15900.0,-0.0648882259746328,"(1, 57)"
776,54,16200.0,-0.3175089378375411,"(1, 57)"
777,55,16500.0,-0.30543402308948,"(1, 57)"
778,56,16800.0,-0.2426214577081901,"(1, 57)"
779,57,17100.0,-0.0148214684971368,"(1, 57)"
780,39,11700.0,0.0339662536453546,"(1, 58)"
781,40,12000.0,0.0085668275439236,"(1, 58)"
782,41,12300.0,0.2783111962979738,"(1, 58)"
783,42,12600.0,0.0667063819374795,"(1, 58)"
784,43,12900.0,0.0521717838528708,"(1, 58)"
785,44,13200.0,0.0671127138776432,"(1, 58)"
786,45,13500.0,0.7779639096017902,"(1, 58)"
787,46,13800.0,0.8333555909891306,"(1, 58)"
788,47,14100.0,0.7162587052791646,"(1, 58)"
789,48,14400.0,1.3057155030499343,"(1, 58)"
790,49,14700.0,1.0607987518081157,"(1, 58)"
791,50,15000.0,-0.1009615157015593,"(1, 58)"
792,51,15300.0,-0.206486966411629,"(1, 58)"
793,52,15600.0,-0.177454181302825,"(1, 58)"
794,53,15900.0,-0.0648882259746328,"(1, 58)"
795,54,16200.0,-0.3175089378375411,"(1, 58)"
796,55,16500.0,-0.30543402308948,"(1, 58)"
797,56,16800.0,-0.2426214577081901,"(1, 58)"
798,57,17100.0,-0.0148214684971368,"(1, 58)"
799,58,17400.0,0.3293986255222095,"(1, 58)"
800,40,12000.0,0.0085668275439236,"(1, 59)"
801,41,12300.0,0.2783111962979738,"(1, 59)"
802,42,12600.0,0.0667063819374795,"(1, 59)"
803,43,12900.0,0.0521717838528708,"(1, 59)"
804,44,13200.0,0.0671127138776432,"(1, 59)"
805,45,13500.0,0.7779639096017902,"(1, 59)"
806,46,13800.0,0.8333555909891306,"(1, 59)"
807,47,14100.0,0.7162587052791646,"(1, 59)"
808,48,14400.0,1.3057155030499343,"(1, 59)"
809,49,14700.0,1.0607987518081157,"(1, 59)"
810,50,15000.0,-0.1009615157015593,"(1, 59)"
811,51,15300.0,-0.206486966411629,"(1, 59)"
812,52,15600.0,-0.177454181302825,"(1, 59)"
813,53,15900.0,-0.0648882259746328,"(1, 59)"
814,54,16200.0,-0.3175089378375411,"(1, 59)"
815,55,16500.0,-0.30543402308948,"(1, 59)"
816,56,16800.0,-0.2426214577081901,"(1, 59)"
817,57,17100.0,-0.0148214684971368,"(1, 59)"
818,58,17400.0,0.3293986255222095,"(1, 59)"
819,59,17700.0,0.6086118067427021,"(1, 59)"
820,41,12300.0,0.2783111962979738,"(1, 60)"
821,42,12600.0,0.0667063819374795,"(1, 60)"
822,43,12900.0,0.0521717838528708,"(1, 60)"
823,44,13200.0,0.0671127138776432,"(1, 60)"
824,45,13500.0,0.7779639096017902,"(1, 60)"
825,46,13800.0,0.8333555909891306,"(1, 60)"
826,47,14100.0,0.7162587052791646,"(1, 60)"
827,48,14400.0,1.3057155030499343,"(1, 60)"
828,49,14700.0,1.0607987518081157,"(1, 60)"
829,50,15000.0,-0.1009615157015593,"(1, 60)"
830,51,15300.0,-0.206486966411629,"(1, 60)"
831,52,15600.0,-0.177454181302825,"(1, 60)"
832,53,15900.0,-0.0648882259746328,"(1, 60)"
833,54,16200.0,-0.3175089378375411,"(1, 60)"
834,55,16500.0,-0.30543402308948,"(1, 60)"
835,56,16800.0,-0.2426214577081901,"(1, 60)"
836,57,17100.0,-0.0148214684971368,"(1, 60)"
837,58,17400.0,0.3293986255222095,"(1, 60)"
838,59,17700.0,0.6086118067427021,"(1, 60)"
839,60,18000.0,0.430927846146217,"(1, 60)"
840,42,12600.0,0.0667063819374795,"(1, 61)"
841,43,12900.0,0.0521717838528708,"(1, 61)"
842,44,13200.0,0.0671127138776432,"(1, 61)"
843,45,13500.0,0.7779639096017902,"(1, 61)"
844,46,13800.0,0.8333555909891306,"(1, 61)"
845,47,14100.0,0.7162587052791646,"(1, 61)"
846,48,14400.0,1.3057155030499343,"(1, 61)"
847,49,14700.0,1.0607987518081157,"(1, 61)"
848,50,15000.0,-0.1009615157015593,"(1, 61)"
849,51,15300.0,-0.206486966411629,"(1, 61)"
850,52,15600.0,-0.177454181302825,"(1, 61)"
851,53,15900.0,-0.0648882259746328,"(1, 61)"
852,54,16200.0,-0.3175089378375411,"(1, 61)"
853,55,16500.0,-0.30543402308948,"(1, 61)"
854,56,16800.0,-0.2426214577081901,"(1, 61)"
855,57,17100.0,-0.0148214684971368,"(1, 61)"
856,58,17400.0,0.3293986255222095,"(1, 61)"
857,59,17700.0,0.6086118067427021,"(1, 61)"
858,60,18000.0,0.430927846146217,"(1, 61)"
859,61,18300.0,0.7419901692634437,"(1, 61)"
860,43,12900.0,0.0521717838528708,"(1, 62)"
861,44,13200.0,0.0671127138776432,"(1, 62)"
862,45,13500.0,0.7779639096017902,"(1, 62)"
863,46,13800.0,0.8333555909891306,"(1, 62)"
864,47,14100.0,0.7162587052791646,"(1, 62)"
865,48,14400.0,1.3057155030499343,"(1, 62)"
866,49,14700.0,1.0607987518081157,"(1, 62)"
867,50,15000.0,-0.1009615157015593,"(1, 62)"
868,51,15300.0,-0.206486966411629,"(1, 62)"
869,52,15600.0,-0.177454181302825,"(1, 62)"
870,53,15900.0,-0.0648882259746328,"(1, 62)"
871,54,16200.0,-0.3175089378375411,"(1, 62)"
872,55,16500.0,-0.30543402308948,"(1, 62)"
873,56,16800.0,-0.2426214577081901,"(1, 62)"
874,57,17100.0,-0.0148214684971368,"(1, 62)"
875,58,17400.0,0.3293986255222095,"(1, 62)"
876,59,17700.0,0.6086118067427021,"(1, 62)"
877,60,18000.0,0.430927846146217,"(1, 62)"
878,61,18300.0,0.7419901692634437,"(1, 62)"
879,62,18600.0,0.3551609227023309,"(1, 62)"
880,44,13200.0,0.0671127138776432,"(1, 63)"
881,45,13500.0,0.7779639096017902,"(1, 63)"
882,46,13800.0,0.8333555909891306,"(1, 63)"
883,47,14100.0,0.7162587052791646,"(1, 63)"
884,48,14400.0,1.3057155030499343,"(1, 63)"
885,49,14700.0,1.0607987518081157,"(1, 63)"
886,50,15000.0,-0.1009615157015593,"(1, 63)"
887,51,15300.0,-0.206486966411629,"(1, 63)"
888,52,15600.0,-0.177454181302825,"(1, 63)"
889,53,15900.0,-0.0648882259746328,"(1, 63)"
890,54,16200.0,-0.3175089378375411,"(1, 63)"
891,55,16500.0,-0.30543402308948,"(1, 63)"
892,56,16800.0,-0.2426214577081901,"(1, 63)"
893,57,17100.0,-0.0148214684971368,"(1, 63)"
894,58,17400.0,0.3293986255222095,"(1, 63)"
895,59,17700.0,0.6086118067427021,"(1, 63)"
896,60,18000.0,0.430927846146217,"(1, 63)"
897,61,18300.0,0.7419901692634437,"(1, 63)"
898,62,18600.0,0.3551609227023309,"(1, 63)"
899,63,18900.0,-0.2181075176079153,"(1, 63)"
900,45,13500.0,0.7779639096017902,"(1, 64)"
901,46,13800.0,0.8333555909891306,"(1, 64)"
902,47,14100.0,0.7162587052791646,"(1, 64)"
903,48,14400.0,1.3057155030499343,"(1, 64)"
904,49,14700.0,1.0607987518081157,"(1, 64)"
905,50,15000.0,-0.1009615157015593,"(1, 64)"
906,51,15300.0,-0.206486966411629,"(1, 64)"
907,52,15600.0,-0.177454181302825,"(1, 64)"
908,53,15900.0,-0.0648882259746328,"(1, 64)"
909,54,16200.0,-0.3175089378375411,"(1, 64)"
910,55,16500.0,-0.30543402308948,"(1, 64)"
911,56,16800.0,-0.2426214577081901,"(1, 64)"
912,57,17100.0,-0.0148214684971368,"(1, 64)"
913,58,17400.0,0.3293986255222095,"(1, 64)"
914,59,17700.0,0.6086118067427021,"(1, 64)"
915,60,18000.0,0.430927846146217,"(1, 64)"
916,61,18300.0,0.7419901692634437,"(1, 64)"
917,62,18600.0,0.3551609227023309,"(1, 64)"
918,63,18900.0,-0.2181075176079153,"(1, 64)"
919,64,19200.0,-0.2468761288528569,"(1, 64)"
920,46,13800.0,0.8333555909891306,"(1, 65)"
921,47,14100.0,0.7162587052791646,"(1, 65)"
922,48,14400.0,1.3057155030499343,"(1, 65)"
923,49,14700.0,1.0607987518081157,"(1, 65)"
924,50,15000.0,-0.1009615157015593,"(1, 65)"
925,51,15300.0,-0.206486966411629,"(1, 65)"
926,52,15600.0,-0.177454181302825,"(1, 65)"
927,53,15900.0,-0.0648882259746328,"(1, 65)"
928,54,16200.0,-0.3175089378375411,"(1, 65)"
929,55,16500.0,-0.30543402308948,"(1, 65)"
930,56,16800.0,-0.2426214577081901,"(1, 65)"
931,57,17100.0,-0.0148214684971368,"(1, 65)"
932,58,17400.0,0.3293986255222095,"(1, 65)"
933,59,17700.0,0.6086118067427021,"(1, 65)"
934,60,18000.0,0.430927846146217,"(1, 65)"
935,61,18300.0,0.7419901692634437,"(1, 65)"
936,62,18600.0,0.3551609227023309,"(1, 65)"
937,63,18900.0,-0.2181075176079153,"(1, 65)"
938,64,19200.0,-0.2468761288528569,"(1, 65)"
939,65,19500.0,-0.552871969118844,"(1, 65)"
940,47,14100.0,0.7162587052791646,"(1, 66)"
941,48,14400.0,1.3057155030499343,"(1, 66)"
942,49,14700.0,1.0607987518081157,"(1, 66)"
943,50,15000.0,-0.1009615157015593,"(1, 66)"
944,51,15300.0,-0.206486966411629,"(1, 66)"
945,52,15600.0,-0.177454181302825,"(1, 66)"
946,53,15900.0,-0.0648882259746328,"(1, 66)"
947,54,16200.0,-0.3175089378375411,"(1, 66)"
948,55,16500.0,-0.30543402308948,"(1, 66)"
949,56,16800.0,-0.2426214577081901,"(1, 66)"
950,57,17100.0,-0.0148214684971368,"(1, 66)"
951,58,17400.0,0.3293986255222095,"(1, 66)"
952,59,17700.0,0.6086118067427021,"(1, 66)"
953,60,18000.0,0.430927846146217,"(1, 66)"
954,61,18300.0,0.7419901692634437,"(1, 66)"
955,62,18600.0,0.3551609227023309,"(1, 66)"
956,63,18900.0,-0.2181075176079153,"(1, 66)"
957,64,19200.0,-0.2468761288528569,"(1, 66)"
958,65,19500.0,-0.552871969118844,"(1, 66)"
959,66,19800.0,-0.0775356465449655,"(1, 66)"
960,48,14400.0,1.3057155030499343,"(1, 67)"
961,49,14700.0,1.0607987518081157,"(1, 67)"
962,50,15000.0,-0.1009615157015593,"(1, 67)"
963,51,15300.0,-0.206486966411629,"(1, 67)"
964,52,15600.0,-0.177454181302825,"(1, 67)"
965,53,15900.0,-0.0648882259746328,"(1, 67)"
966,54,16200.0,-0.3175089378375411,"(1, 67)"
967,55,16500.0,-0.30543402308948,"(1, 67)"
968,56,16800.0,-0.2426214577081901,"(1, 67)"
969,57,17100.0,-0.0148214684971368,"(1, 67)"
970,58,17400.0,0.3293986255222095,"(1, 67)"
971,59,17700.0,0.6086118067427021,"(1, 67)"
972,60,18000.0,0.430927846146217,"(1, 67)"
973,61,18300.0,0.7419901692634437,"(1, 67)"
974,62,18600.0,0.3551609227023309,"(1, 67)"
975,63,18900.0,-0.2181075176079153,"(1, 67)"
976,64,19200.0,-0.2468761288528569,"(1, 67)"
977,65,19500.0,-0.552871969118844,"(1, 67)"
978,66,19800.0,-0.0775356465449655,"(1, 67)"
979,67,20100.0,0.7179557705758705,"(1, 67)"
980,49,14700.0,1.0607987518081157,"(1, 68)"
981,50,15000.0,-0.1009615157015593,"(1, 68)"
982,51,15300.0,-0.206486966411629,"(1, 68)"
983,52,15600.0,-0.177454181302825,"(1, 68)"
984,53,15900.0,-0.0648882259746328,"(1, 68)"
985,54,16200.0,-0.3175089378375411,"(1, 68)"
986,55,16500.0,-0.30543402308948,"(1, 68)"
987,56,16800.0,-0.2426214577081901,"(1, 68)"
988,57,17100.0,-0.0148214684971368,"(1, 68)"
989,58,17400.0,0.3293986255222095,"(1, 68)"
990,59,17700.0,0.6086118067427021,"(1, 68)"
991,60,18000.0,0.430927846146217,"(1, 68)"
992,61,18300.0,0.7419901692634437,"(1, 68)"
993,62,18600.0,0.3551609227023309,"(1, 68)"
994,63,18900.0,-0.2181075176079153,"(1, 68)"
995,64,19200.0,-0.2468761288528569,"(1, 68)"
996,65,19500.0,-0.552871969118844,"(1, 68)"
997,66,19800.0,-0.0775356465449655,"(1, 68)"
998,67,20100.0,0.7179557705758705,"(1, 68)"
999,68,20400.0,0.2085820788446538,"(1, 68)"
1000,50,15000.0,-0.1009615157015593,"(1, 69)"
1001,51,15300.0,-0.206486966411629,"(1, 69)"
1002,52,15600.0,-0.177454181302825,"(1, 69)"
1003,53,15900.0,-0.0648882259746328,"(1, 69)"
1004,54,16200.0,-0.3175089378375411,"(1, 69)"
1005,55,16500.0,-0.30543402308948,"(1, 69)"
1006,56,16800.0,-0.2426214577081901,"(1, 69)"
1007,57,17100.0,-0.0148214684971368,"(1, 69)"
1008,58,17400.0,0.3293986255222095,"(1, 69)"
1009,59,17700.0,0.6086118067427021,"(1, 69)"
1010,60,18000.0,0.430927846146217,"(1, 69)"
1011,61,18300.0,0.7419901692634437,"(1, 69)"
1012,62,18600.0,0.3551609227023309,"(1, 69)"
1013,63,18900.0,-0.2181075176079153,"(1, 69)"
1014,64,19200.0,-0.2468761288528569,"(1, 69)"
1015,65,19500.0,-0.552871969118844,"(1, 69)"
1016,66,19800.0,-0.0775356465449655,"(1, 69)"
1017,67,20100.0,0.7179557705758705,"(1, 69)"
1018,68,20400.0,0.2085820788446538,"(1, 69)"
1019,69,20700.0,-0.4184357490875325,"(1, 69)"
1020,51,15300.0,-0.206486966411629,"(1, 70)"
1021,52,15600.0,-0.177454181302825,"(1, 70)"
1022,53,15900.0,-0.0648882259746328,"(1, 70)"
1023,54,16200.0,-0.3175089378375411,"(1, 70)"
1024,55,16500.0,-0.30543402308948,"(1, 70)"
1025,56,16800.0,-0.2426214577081901,"(1, 70)"
1026,57,17100.0,-0.0148214684971368,"(1, 70)"
1027,58,17400.0,0.3293986255222095,"(1, 70)"
1028,59,17700.0,0.6086118067427021,"(1, 70)"
1029,60,18000.0,0.430927846146217,"(1, 70)"
1030,61,18300.0,0.7419901692634437,"(1, 70)"
1031,62,18600.0,0.3551609227023309,"(1, 70)"
1032,63,18900.0,-0.2181075176079153,"(1, 70)"
1033,64,19200.0,-0.2468761288528569,"(1, 70)"
1034,65,19500.0,-0.552871969118844,"(1, 70)"
1035,66,19800.0,-0.0775356465449655,"(1, 70)"
1036,67,20100.0,0.7179557705758705,"(1, 70)"
1037,68,20400.0,0.2085820788446538,"(1, 70)"
1038,69,20700.0,-0.4184357490875325,"(1, 70)"
1039,70,21000.0,-0.3251455767320341,"(1, 70)"
1040,52,15600.0,-0.177454181302825,"(1, 71)"
1041,53,15900.0,-0.0648882259746328,"(1, 71)"
1042,54,16200.0,-0.3175089378375411,"(1, 71)"
1043,55,16500.0,-0.30543402308948,"(1, 71)"
1044,56,16800.0,-0.2426214577081901,"(1, 71)"
1045,57,17100.0,-0.0148214684971368,"(1, 71)"
1046,58,17400.0,0.3293986255222095,"(1, 71)"
1047,59,17700.0,0.6086118067427021,"(1, 71)"
1048,60,18000.0,0.430927846146217,"(1, 71)"
1049,61,18300.0,0.7419901692634437,"(1, 71)"
1050,62,18600.0,0.3551609227023309,"(1, 71)"
1051,63,18900.0,-0.2181075176079153,"(1, 71)"
1052,64,19200.0,-0.2468761288528569,"(1, 71)"
1053,65,19500.0,-0.552871969118844,"(1, 71)"
1054,66,19800.0,-0.0775356465449655,"(1, 71)"
1055,67,20100.0,0.7179557705758705,"(1, 71)"
1056,68,20400.0,0.2085820788446538,"(1, 71)"
1057,69,20700.0,-0.4184357490875325,"(1, 71)"
1058,70,21000.0,-0.3251455767320341,"(1, 71)"
1059,71,21300.0,-0.3686029520407889,"(1, 71)"
1060,53,15900.0,-0.0648882259746328,"(1, 72)"
1061,54,16200.0,-0.3175089378375411,"(1, 72)"
1062,55,16500.0,-0.30543402308948,"(1, 72)"
1063,56,16800.0,-0.2426214577081901,"(1, 72)"
1064,57,17100.0,-0.0148214684971368,"(1, 72)"
1065,58,17400.0,0.3293986255222095,"(1, 72)"
1066,59,17700.0,0.6086118067427021,"(1, 72)"
1067,60,18000.0,0.430927846146217,"(1, 72)"
1068,61,18300.0,0.7419901692634437,"(1, 72)"
1069,62,18600.0,0.3551609227023309,"(1, 72)"
1070,63,18900.0,-0.2181075176079153,"(1, 72)"
1071,64,19200.0,-0.2468761288528569,"(1, 72)"
1072,65,19500.0,-0.552871969118844,"(1, 72)"
1073,66,19800.0,-0.0775356465449655,"(1, 72)"
1074,67,20100.0,0.7179557705758705,"(1, 72)"
1075,68,20400.0,0.2085820788446538,"(1, 72)"
1076,69,20700.0,-0.4184357490875325,"(1, 72)"
1077,70,21000.0,-0.3251455767320341,"(1, 72)"
1078,71,21300.0,-0.3686029520407889,"(1, 72)"
1079,72,21600.0,-0.7468054112751447,"(1, 72)"
1080,54,16200.0,-0.3175089378375411,"(1, 73)"
1081,55,16500.0,-0.30543402308948,"(1, 73)"
1082,56,16800.0,-0.2426214577081901,"(1, 73)"
1083,57,17100.0,-0.0148214684971368,"(1, 73)"
1084,58,17400.0,0.3293986255222095,"(1, 73)"
1085,59,17700.0,0.6086118067427021,"(1, 73)"
1086,60,18000.0,0.430927846146217,"(1, 73)"
1087,61,18300.0,0.7419901692634437,"(1, 73)"
1088,62,18600.0,0.3551609227023309,"(1, 73)"
1089,63,18900.0,-0.2181075176079153,"(1, 73)"
1090,64,19200.0,-0.2468761288528569,"(1, 73)"
1091,65,19500.0,-0.552871969118844,"(1, 73)"
1092,66,19800.0,-0.0775356465449655,"(1, 73)"
1093,67,20100.0,0.7179557705758705,"(1, 73)"
1094,68,20400.0,0.2085820788446538,"(1, 73)"
1095,69,20700.0,-0.4184357490875325,"(1, 73)"
1096,70,21000.0,-0.3251455767320341,"(1, 73)"
1097,71,21300.0,-0.3686029520407889,"(1, 73)"
1098,72,21600.0,-0.7468054112751447,"(1, 73)"
1099,73,21900.0,-0.1038387641777606,"(1, 73)"
1100,55,16500.0,-0.30543402308948,"(1, 74)"
1101,56,16800.0,-0.2426214577081901,"(1, 74)"
1102,57,17100.0,-0.0148214684971368,"(1, 74)"
1103,58,17400.0,0.3293986255222095,"(1, 74)"
1104,59,17700.0,0.6086118067427021,"(1, 74)"
1105,60,18000.0,0.430927846146217,"(1, 74)"
1106,61,18300.0,0.7419901692634437,"(1, 74)"
1107,62,18600.0,0.3551609227023309,"(1, 74)"
1108,63,18900.0,-0.2181075176079153,"(1, 74)"
1109,64,19200.0,-0.2468761288528569,"(1, 74)"
1110,65,19500.0,-0.552871969118844,"(1, 74)"
1111,66,19800.0,-0.0775356465449655,"(1, 74)"
1112,67,20100.0,0.7179557705758705,"(1, 74)"
1113,68,20400.0,0.2085820788446538,"(1, 74)"
1114,69,20700.0,-0.4184357490875325,"(1, 74)"
1115,70,21000.0,-0.3251455767320341,"(1, 74)"
1116,71,21300.0,-0.3686029520407889,"(1, 74)"
1117,72,21600.0,-0.7468054112751447,"(1, 74)"
1118,73,21900.0,-0.1038387641777606,"(1, 74)"
1119,74,22200.0,-0.7322526076603282,"(1, 74)"
1120,56,16800.0,-0.2426214577081901,"(1, 75)"
1121,57,17100.0,-0.0148214684971368,"(1, 75)"
1122,58,17400.0,0.3293986255222095,"(1, 75)"
1123,59,17700.0,0.6086118067427021,"(1, 75)"
1124,60,18000.0,0.430927846146217,"(1, 75)"
1125,61,18300.0,0.7419901692634437,"(1, 75)"
1126,62,18600.0,0.3551609227023309,"(1, 75)"
1127,63,18900.0,-0.2181075176079153,"(1, 75)"
1128,64,19200.0,-0.2468761288528569,"(1, 75)"
1129,65,19500.0,-0.552871969118844,"(1, 75)"
1130,66,19800.0,-0.0775356465449655,"(1, 75)"
1131,67,20100.0,0.7179557705758705,"(1, 75)"
1132,68,20400.0,0.2085820788446538,"(1, 75)"
1133,69,20700.0,-0.4184357490875325,"(1, 75)"
1134,70,21000.0,-0.3251455767320341,"(1, 75)"
1135,71,21300.0,-0.3686029520407889,"(1, 75)"
1136,72,21600.0,-0.7468054112751447,"(1, 75)"
1137,73,21900.0,-0.1038387641777606,"(1, 75)"
1138,74,22200.0,-0.7322526076603282,"(1, 75)"
1139,75,22500.0,-0.7465846208024145,"(1, 75)"
1140,57,17100.0,-0.0148214684971368,"(1, 76)"
1141,58,17400.0,0.3293986255222095,"(1, 76)"
1142,59,17700.0,0.6086118067427021,"(1, 76)"
1143,60,18000.0,0.430927846146217,"(1, 76)"
1144,61,18300.0,0.7419901692634437,"(1, 76)"
1145,62,18600.0,0.3551609227023309,"(1, 76)"
1146,63,18900.0,-0.2181075176079153,"(1, 76)"
1147,64,19200.0,-0.2468761288528569,"(1, 76)"
1148,65,19500.0,-0.552871969118844,"(1, 76)"
1149,66,19800.0,-0.0775356465449655,"(1, 76)"
1150,67,20100.0,0.7179557705758705,"(1, 76)"
1151,68,20400.0,0.2085820788446538,"(1, 76)"
1152,69,20700.0,-0.4184357490875325,"(1, 76)"
1153,70,21000.0,-0.3251455767320341,"(1, 76)"
1154,71,21300.0,-0.3686029520407889,"(1, 76)"
1155,72,21600.0,-0.7468054112751447,"(1, 76)"
1156,73,21900.0,-0.1038387641777606,"(1, 76)"
1157,74,22200.0,-0.7322526076603282,"(1, 76)"
1158,75,22500.0,-0.7465846208024145,"(1, 76)"
1159,76,22800.0,-0.6132062582816729,"(1, 76)"
1160,58,17400.0,0.3293986255222095,"(1, 77)"
1161,59,17700.0,0.6086118067427021,"(1, 77)"
1162,60,18000.0,0.430927846146217,"(1, 77)"
1163,61,18300.0,0.7419901692634437,"(1, 77)"
1164,62,18600.0,0.3551609227023309,"(1, 77)"
1165,63,18900.0,-0.2181075176079153,"(1, 77)"
1166,64,19200.0,-0.2468761288528569,"(1, 77)"
1167,65,19500.0,-0.552871969118844,"(1, 77)"
1168,66,19800.0,-0.0775356465449655,"(1, 77)"
1169,67,20100.0,0.7179557705758705,"(1, 77)"
1170,68,20400.0,0.2085820788446538,"(1, 77)"
1171,69,20700.0,-0.4184357490875325,"(1, 77)"
1172,70,21000.0,-0.3251455767320341,"(1, 77)"
1173,71,21300.0,-0.3686029520407889,"(1, 77)"
1174,72,21600.0,-0.7468054112751447,"(1, 77)"
1175,73,21900.0,-0.1038387641777606,"(1, 77)"
1176,74,22200.0,-0.7322526076603282,"(1, 77)"
1177,75,22500.0,-0.7465846208024145,"(1, 77)"
1178,76,22800.0,-0.6132062582816729,"(1, 77)"
1179,77,23100.0,-0.3096518958220257,"(1, 77)"
1180,59,17700.0,0.6086118067427021,"(1, 78)"
1181,60,18000.0,0.430927846146217,"(1, 78)"
1182,61,18300.0,0.7419901692634437,"(1, 78)"
1183,62,18600.0,0.3551609227023309,"(1, 78)"
1184,63,18900.0,-0.2181075176079153,"(1, 78)"
1185,64,19200.0,-0.2468761288528569,"(1, 78)"
1186,65,19500.0,-0.552871969118844,"(1, 78)"
1187,66,19800.0,-0.0775356465449655,"(1, 78)"
1188,67,20100.0,0.7179557705758705,"(1, 78)"
1189,68,20400.0,0.2085820788446538,"(1, 78)"
1190,69,20700.0,-0.4184357490875325,"(1, 78)"
1191,70,21000.0,-0.3251455767320341,"(1, 78)"
1192,71,21300.0,-0.3686029520407889,"(1, 78)"
1193,72,21600.0,-0.7468054112751447,"(1, 78)"
1194,73,21900.0,-0.1038387641777606,"(1, 78)"
1195,74,22200.0,-0.7322526076603282,"(1, 78)"
1196,75,22500.0,-0.7465846208024145,"(1, 78)"
1197,76,22800.0,-0.6132062582816729,"(1, 78)"
1198,77,23100.0,-0.3096518958220257,"(1, 78)"
1199,78,23400.0,0.0446459275464479,"(1, 78)"
1200,60,18000.0,0.430927846146217,"(1, 79)"
1201,61,18300.0,0.7419901692634437,"(1, 79)"
1202,62,18600.0,0.3551609227023309,"(1, 79)"
1203,63,18900.0,-0.2181075176079153,"(1, 79)"
1204,64,19200.0,-0.2468761288528569,"(1, 79)"
1205,65,19500.0,-0.552871969118844,"(1, 79)"
1206,66,19800.0,-0.0775356465449655,"(1, 79)"
1207,67,20100.0,0.7179557705758705,"(1, 79)"
1208,68,20400.0,0.2085820788446538,"(1, 79)"
1209,69,20700.0,-0.4184357490875325,"(1, 79)"
1210,70,21000.0,-0.3251455767320341,"(1, 79)"
1211,71,21300.0,-0.3686029520407889,"(1, 79)"
1212,72,21600.0,-0.7468054112751447,"(1, 79)"
1213,73,21900.0,-0.1038387641777606,"(1, 79)"
1214,74,22200.0,-0.7322526076603282,"(1, 79)"
1215,75,22500.0,-0.7465846208024145,"(1, 79)"
1216,76,22800.0,-0.6132062582816729,"(1, 79)"
1217,77,23100.0,-0.3096518958220257,"(1, 79)"
1218,78,23400.0,0.0446459275464479,"(1, 79)"
1219,79,23700.0,-0.1734141030035827,"(1, 79)"
1220,61,18300.0,0.7419901692634437,"(1, 80)"
1221,62,18600.0,0.3551609227023309,"(1, 80)"
1222,63,18900.0,-0.2181075176079153,"(1, 80)"
1223,64,19200.0,-0.2468761288528569,"(1, 80)"
1224,65,19500.0,-0.552871969118844,"(1, 80)"
1225,66,19800.0,-0.0775356465449655,"(1, 80)"
1226,67,20100.0,0.7179557705758705,"(1, 80)"
1227,68,20400.0,0.2085820788446538,"(1, 80)"
1228,69,20700.0,-0.4184357490875325,"(1, 80)"
1229,70,21000.0,-0.3251455767320341,"(1, 80)"
1230,71,21300.0,-0.3686029520407889,"(1, 80)"
1231,72,21600.0,-0.7468054112751447,"(1, 80)"
1232,73,21900.0,-0.1038387641777606,"(1, 80)"
1233,74,22200.0,-0.7322526076603282,"(1, 80)"
1234,75,22500.0,-0.7465846208024145,"(1, 80)"
1235,76,22800.0,-0.6132062582816729,"(1, 80)"
1236,77,23100.0,-0.3096518958220257,"(1, 80)"
1237,78,23400.0,0.0446459275464479,"(1, 80)"
1238,79,23700.0,-0.1734141030035827,"(1, 80)"
1239,80,24000.0,-0.4133327777055371,"(1, 80)"
1240,62,18600.0,0.3551609227023309,"(1, 81)"
1241,63,18900.0,-0.2181075176079153,"(1, 81)"
1242,64,19200.0,-0.2468761288528569,"(1, 81)"
1243,65,19500.0,-0.552871969118844,"(1, 81)"
1244,66,19800.0,-0.0775356465449655,"(1, 81)"
1245,67,20100.0,0.7179557705758705,"(1, 81)"
1246,68,20400.0,0.2085820788446538,"(1, 81)"
1247,69,20700.0,-0.4184357490875325,"(1, 81)"
1248,70,21000.0,-0.3251455767320341,"(1, 81)"
1249,71,21300.0,-0.3686029520407889,"(1, 81)"
1250,72,21600.0,-0.7468054112751447,"(1, 81)"
1251,73,21900.0,-0.1038387641777606,"(1, 81)"
1252,74,22200.0,-0.7322526076603282,"(1, 81)"
1253,75,22500.0,-0.7465846208024145,"(1, 81)"
1254,76,22800.0,-0.6132062582816729,"(1, 81)"
1255,77,23100.0,-0.3096518958220257,"(1, 81)"
1256,78,23400.0,0.0446459275464479,"(1, 81)"
1257,79,23700.0,-0.1734141030035827,"(1, 81)"
1258,80,24000.0,-0.4133327777055371,"(1, 81)"
1259,81,24300.0,-0.6790746412758796,"(1, 81)"
1260,63,18900.0,-0.2181075176079153,"(1, 82)"
1261,64,19200.0,-0.2468761288528569,"(1, 82)"
1262,65,19500.0,-0.552871969118844,"(1, 82)"
1263,66,19800.0,-0.0775356465449655,"(1, 82)"
1264,67,20100.0,0.7179557705758705,"(1, 82)"
1265,68,20400.0,0.2085820788446538,"(1, 82)"
1266,69,20700.0,-0.4184357490875325,"(1, 82)"
1267,70,21000.0,-0.3251455767320341,"(1, 82)"
1268,71,21300.0,-0.3686029520407889,"(1, 82)"
1269,72,21600.0,-0.7468054112751447,"(1, 82)"
1270,73,21900.0,-0.1038387641777606,"(1, 82)"
1271,74,22200.0,-0.7322526076603282,"(1, 82)"
1272,75,22500.0,-0.7465846208024145,"(1, 82)"
1273,76,22800.0,-0.6132062582816729,"(1, 82)"
1274,77,23100.0,-0.3096518958220257,"(1, 82)"
1275,78,23400.0,0.0446459275464479,"(1, 82)"
1276,79,23700.0,-0.1734141030035827,"(1, 82)"
1277,80,24000.0,-0.4133327777055371,"(1, 82)"
1278,81,24300.0,-0.6790746412758796,"(1, 82)"
1279,82,24600.0,0.5624418074330271,"(1, 82)"
1280,64,19200.0,-0.2468761288528569,"(1, 83)"
1281,65,19500.0,-0.552871969118844,"(1, 83)"
1282,66,19800.0,-0.0775356465449655,"(1, 83)"
1283,67,20100.0,0.7179557705758705,"(1, 83)"
1284,68,20400.0,0.2085820788446538,"(1, 83)"
1285,69,20700.0,-0.4184357490875325,"(1, 83)"
1286,70,21000.0,-0.3251455767320341,"(1, 83)"
1287,71,21300.0,-0.3686029520407889,"(1, 83)"
1288,72,21600.0,-0.7468054112751447,"(1, 83)"
1289,73,21900.0,-0.1038387641777606,"(1, 83)"
1290,74,22200.0,-0.7322526076603282,"(1, 83)"
1291,75,22500.0,-0.7465846208024145,"(1, 83)"
1292,76,22800.0,-0.6132062582816729,"(1, 83)"
1293,77,23100.0,-0.3096518958220257,"(1, 83)"
1294,78,23400.0,0.0446459275464479,"(1, 83)"
1295,79,23700.0,-0.1734141030035827,"(1, 83)"
1296,80,24000.0,-0.4133327777055371,"(1, 83)"
1297,81,24300.0,-0.6790746412758796,"(1, 83)"
1298,82,24600.0,0.5624418074330271,"(1, 83)"
1299,83,24900.0,-0.3105552000016831,"(1, 83)"
1300,65,19500.0,-0.552871969118844,"(1, 84)"
1301,66,19800.0,-0.0775356465449655,"(1, 84)"
1302,67,20100.0,0.7179557705758705,"(1, 84)"
1303,68,20400.0,0.2085820788446538,"(1, 84)"
1304,69,20700.0,-0.4184357490875325,"(1, 84)"
1305,70,21000.0,-0.3251455767320341,"(1, 84)"
1306,71,21300.0,-0.3686029520407889,"(1, 84)"
1307,72,21600.0,-0.7468054112751447,"(1, 84)"
1308,73,21900.0,-0.1038387641777606,"(1, 84)"
1309,74,22200.0,-0.7322526076603282,"(1, 84)"
1310,75,22500.0,-0.7465846208024145,"(1, 84)"
1311,76,22800.0,-0.6132062582816729,"(1, 84)"
1312,77,23100.0,-0.3096518958220257,"(1, 84)"
1313,78,23400.0,0.0446459275464479,"(1, 84)"
1314,79,23700.0,-0.1734141030035827,"(1, 84)"
1315,80,24000.0,-0.4133327777055371,"(1, 84)"
1316,81,24300.0,-0.6790746412758796,"(1, 84)"
1317,82,24600.0,0.5624418074330271,"(1, 84)"
1318,83,24900.0,-0.3105552000016831,"(1, 84)"
1319,84,25200.0,0.0900090732513933,"(1, 84)"
1320,66,19800.0,-0.0775356465449655,"(1, 85)"
1321,67,20100.0,0.7179557705758705,"(1, 85)"
1322,68,20400.0,0.2085820788446538,"(1, 85)"
1323,69,20700.0,-0.4184357490875325,"(1, 85)"
1324,70,21000.0,-0.3251455767320341,"(1, 85)"
1325,71,21300.0,-0.3686029520407889,"(1, 85)"
1326,72,21600.0,-0.7468054112751447,"(1, 85)"
1327,73,21900.0,-0.1038387641777606,"(1, 85)"
1328,74,22200.0,-0.7322526076603282,"(1, 85)"
1329,75,22500.0,-0.7465846208024145,"(1, 85)"
1330,76,22800.0,-0.6132062582816729,"(1, 85)"
1331,77,23100.0,-0.3096518958220257,"(1, 85)"
1332,78,23400.0,0.0446459275464479,"(1, 85)"
1333,79,23700.0,-0.1734141030035827,"(1, 85)"
1334,80,24000.0,-0.4133327777055371,"(1, 85)"
1335,81,24300.0,-0.6790746412758796,"(1, 85)"
1336,82,24600.0,0.5624418074330271,"(1, 85)"
1337,83,24900.0,-0.3105552000016831,"(1, 85)"
1338,84,25200.0,0.0900090732513933,"(1, 85)"
1339,85,25500.0,-0.4847464877306119,"(1, 85)"
1340,67,20100.0,0.7179557705758705,"(1, 86)"
1341,68,20400.0,0.2085820788446538,"(1, 86)"
1342,69,20700.0,-0.4184357490875325,"(1, 86)"
1343,70,21000.0,-0.3251455767320341,"(1, 86)"
1344,71,21300.0,-0.3686029520407889,"(1, 86)"
1345,72,21600.0,-0.7468054112751447,"(1, 86)"
1346,73,21900.0,-0.1038387641777606,"(1, 86)"
1347,74,22200.0,-0.7322526076603282,"(1, 86)"
1348,75,22500.0,-0.7465846208024145,"(1, 86)"
1349,76,22800.0,-0.6132062582816729,"(1, 86)"
1350,77,23100.0,-0.3096518958220257,"(1, 86)"
1351,78,23400.0,0.0446459275464479,"(1, 86)"
1352,79,23700.0,-0.1734141030035827,"(1, 86)"
1353,80,24000.0,-0.4133327777055371,"(1, 86)"
1354,81,24300.0,-0.6790746412758796,"(1, 86)"
1355,82,24600.0,0.5624418074330271,"(1, 86)"
1356,83,24900.0,-0.3105552000016831,"(1, 86)"
1357,84,25200.0,0.0900090732513933,"(1, 86)"
1358,85,25500.0,-0.4847464877306119,"(1, 86)"
1359,86,25800.0,0.1076552675946624,"(1, 86)"
1360,68,20400.0,0.2085820788446538,"(1, 87)"
1361,69,20700.0,-0.4184357490875325,"(1, 87)"
1362,70,21000.0,-0.3251455767320341,"(1, 87)"
1363,71,21300.0,-0.3686029520407889,"(1, 87)"
1364,72,21600.0,-0.7468054112751447,"(1, 87)"
1365,73,21900.0,-0.1038387641777606,"(1, 87)"
1366,74,22200.0,-0.7322526076603282,"(1, 87)"
1367,75,22500.0,-0.7465846208024145,"(1, 87)"
1368,76,22800.0,-0.6132062582816729,"(1, 87)"
1369,77,23100.0,-0.3096518958220257,"(1, 87)"
1370,78,23400.0,0.0446459275464479,"(1, 87)"
1371,79,23700.0,-0.1734141030035827,"(1, 87)"
1372,80,24000.0,-0.4133327777055371,"(1, 87)"
1373,81,24300.0,-0.6790746412758796,"(1, 87)"
1374,82,24600.0,0.5624418074330271,"(1, 87)"
1375,83,24900.0,-0.3105552000016831,"(1, 87)"
1376,84,25200.0,0.0900090732513933,"(1, 87)"
1377,85,25500.0,-0.4847464877306119,"(1, 87)"
1378,86,25800.0,0.1076552675946624,"(1, 87)"
1379,87,26100.0,0.1347698870526649,"(1, 87)"
1380,69,20700.0,-0.4184357490875325,"(1, 88)"
1381,70,21000.0,-0.3251455767320341,"(1, 88)"
1382,71,21300.0,-0.3686029520407889,"(1, 88)"
1383,72,21600.0,-0.7468054112751447,"(1, 88)"
1384,73,21900.0,-0.1038387641777606,"(1, 88)"
1385,74,22200.0,-0.7322526076603282,"(1, 88)"
1386,75,22500.0,-0.7465846208024145,"(1, 88)"
1387,76,22800.0,-0.6132062582816729,"(1, 88)"
1388,77,23100.0,-0.3096518958220257,"(1, 88)"
1389,78,23400.0,0.0446459275464479,"(1, 88)"
1390,79,23700.0,-0.1734141030035827,"(1, 88)"
1391,80,24000.0,-0.4133327777055371,"(1, 88)"
1392,81,24300.0,-0.6790746412758796,"(1, 88)"
1393,82,24600.0,0.5624418074330271,"(1, 88)"
1394,83,24900.0,-0.3105552000016831,"(1, 88)"
1395,84,25200.0,0.0900090732513933,"(1, 88)"
1396,85,25500.0,-0.4847464877306119,"(1, 88)"
1397,86,25800.0,0.1076552675946624,"(1, 88)"
1398,87,26100.0,0.1347698870526649,"(1, 88)"
1399,88,26400.0,-0.3480671139667108,"(1, 88)"
1400,70,21000.0,-0.3251455767320341,"(1, 89)"
1401,71,21300.0,-0.3686029520407889,"(1, 89)"
1402,72,21600.0,-0.7468054112751447,"(1, 89)"
1403,73,21900.0,-0.1038387641777606,"(1, 89)"
1404,74,22200.0,-0.7322526076603282,"(1, 89)"
1405,75,22500.0,-0.7465846208024145,"(1, 89)"
1406,76,22800.0,-0.6132062582816729,"(1, 89)"
1407,77,23100.0,-0.3096518958220257,"(1, 89)"
1408,78,23400.0,0.0446459275464479,"(1, 89)"
1409,79,23700.0,-0.1734141030035827,"(1, 89)"
1410,80,24000.0,-0.4133327777055371,"(1, 89)"
1411,81,24300.0,-0.6790746412758796,"(1, 89)"
1412,82,24600.0,0.5624418074330271,"(1, 89)"
1413,83,24900.0,-0.3105552000016831,"(1, 89)"
1414,84,25200.0,0.0900090732513933,"(1, 89)"
1415,85,25500.0,-0.4847464877306119,"(1, 89)"
1416,86,25800.0,0.1076552675946624,"(1, 89)"
1417,87,26100.0,0.1347698870526649,"(1, 89)"
1418,88,26400.0,-0.3480671139667108,"(1, 89)"
1419,89,26700.0,0.8879930986038325,"(1, 89)"
1420,71,21300.0,-0.3686029520407889,"(1, 90)"
1421,72,21600.0,-0.7468054112751447,"(1, 90)"
1422,73,21900.0,-0.1038387641777606,"(1, 90)"
1423,74,22200.0,-0.7322526076603282,"(1, 90)"
1424,75,22500.0,-0.7465846208024145,"(1, 90)"
1425,76,22800.0,-0.6132062582816729,"(1, 90)"
1426,77,23100.0,-0.3096518958220257,"(1, 90)"
1427,78,23400.0,0.0446459275464479,"(1, 90)"
1428,79,23700.0,-0.1734141030035827,"(1, 90)"
1429,80,24000.0,-0.4133327777055371,"(1, 90)"
1430,81,24300.0,-0.6790746412758796,"(1, 90)"
1431,82,24600.0,0.5624418074330271,"(1, 90)"
1432,83,24900.0,-0.3105552000016831,"(1, 90)"
1433,84,25200.0,0.0900090732513933,"(1, 90)"
1434,85,25500.0,-0.4847464877306119,"(1, 90)"
1435,86,25800.0,0.1076552675946624,"(1, 90)"
1436,87,26100.0,0.1347698870526649,"(1, 90)"
1437,88,26400.0,-0.3480671139667108,"(1, 90)"
1438,89,26700.0,0.8879930986038325,"(1, 90)"
1439,90,27000.0,0.5802712966038319,"(1, 90)"
1440,72,21600.0,-0.7468054112751447,"(1, 91)"
1441,73,21900.0,-0.1038387641777606,"(1, 91)"
1442,74,22200.0,-0.7322526076603282,"(1, 91)"
1443,75,22500.0,-0.7465846208024145,"(1, 91)"
1444,76,22800.0,-0.6132062582816729,"(1, 91)"
1445,77,23100.0,-0.3096518958220257,"(1, 91)"
1446,78,23400.0,0.0446459275464479,"(1, 91)"
1447,79,23700.0,-0.1734141030035827,"(1, 91)"
1448,80,24000.0,-0.4133327777055371,"(1, 91)"
1449,81,24300.0,-0.6790746412758796,"(1, 91)"
1450,82,24600.0,0.5624418074330271,"(1, 91)"
1451,83,24900.0,-0.3105552000016831,"(1, 91)"
1452,84,25200.0,0.0900090732513933,"(1, 91)"
1453,85,25500.0,-0.4847464877306119,"(1, 91)"
1454,86,25800.0,0.1076552675946624,"(1, 91)"
1455,87,26100.0,0.1347698870526649,"(1, 91)"
1456,88,26400.0,-0.3480671139667108,"(1, 91)"
1457,89,26700.0,0.8879930986038325,"(1, 91)"
1458,90,27000.0,0.5802712966038319,"(1, 91)"
1459,91,27300.0,0.787176295238499,"(1, 91)"
1460,73,21900.0,-0.1038387641777606,"(1, 92)"
1461,74,22200.0,-0.7322526076603282,"(1, 92)"
1462,75,22500.0,-0.7465846208024145,"(1, 92)"
1463,76,22800.0,-0.6132062582816729,"(1, 92)"
1464,77,23100.0,-0.3096518958220257,"(1, 92)"
1465,78,23400.0,0.0446459275464479,"(1, 92)"
1466,79,23700.0,-0.1734141030035827,"(1, 92)"
1467,80,24000.0,-0.4133327777055371,"(1, 92)"
1468,81,24300.0,-0.6790746412758796,"(1, 92)"
1469,82,24600.0,0.5624418074330271,"(1, 92)"
1470,83,24900.0,-0.3105552000016831,"(1, 92)"
1471,84,25200.0,0.0900090732513933,"(1, 92)"
1472,85,25500.0,-0.4847464877306119,"(1, 92)"
1473,86,25800.0,0.1076552675946624,"(1, 92)"
1474,87,26100.0,0.1347698870526649,"(1, 92)"
1475,88,26400.0,-0.3480671139667108,"(1, 92)"
1476,89,26700.0,0.8879930986038325,"(1, 92)"
1477,90,27000.0,0.5802712966038319,"(1, 92)"
1478,91,27300.0,0.787176295238499,"(1, 92)"
1479,92,27600.0,1.9346406507851377,"(1, 92)"
1480,74,22200.0,-0.7322526076603282,"(1, 93)"
1481,75,22500.0,-0.7465846208024145,"(1, 93)"
1482,76,22800.0,-0.6132062582816729,"(1, 93)"
1483,77,23100.0,-0.3096518958220257,"(1, 93)"
1484,78,23400.0,0.0446459275464479,"(1, 93)"
1485,79,23700.0,-0.1734141030035827,"(1, 93)"
1486,80,24000.0,-0.4133327777055371,"(1, 93)"
1487,81,24300.0,-0.6790746412758796,"(1, 93)"
1488,82,24600.0,0.5624418074330271,"(1, 93)"
1489,83,24900.0,-0.3105552000016831,"(1, 93)"
1490,84,25200.0,0.0900090732513933,"(1, 93)"
1491,85,25500.0,-0.4847464877306119,"(1, 93)"
1492,86,25800.0,0.1076552675946624,"(1, 93)"
1493,87,26100.0,0.1347698870526649,"(1, 93)"
1494,88,26400.0,-0.3480671139667108,"(1, 93)"
1495,89,26700.0,0.8879930986038325,"(1, 93)"
1496,90,27000.0,0.5802712966038319,"(1, 93)"
1497,91,27300.0,0.787176295238499,"(1, 93)"
1498,92,27600.0,1.9346406507851377,"(1, 93)"
1499,93,27900.0,2.570930129165135,"(1, 93)"
1500,75,22500.0,-0.7465846208024145,"(1, 94)"
1501,76,22800.0,-0.6132062582816729,"(1, 94)"
1502,77,23100.0,-0.3096518958220257,"(1, 94)"
1503,78,23400.0,0.0446459275464479,"(1, 94)"
1504,79,23700.0,-0.1734141030035827,"(1, 94)"
1505,80,24000.0,-0.4133327777055371,"(1, 94)"
1506,81,24300.0,-0.6790746412758796,"(1, 94)"
1507,82,24600.0,0.5624418074330271,"(1, 94)"
1508,83,24900.0,-0.3105552000016831,"(1, 94)"
1509,84,25200.0,0.0900090732513933,"(1, 94)"
1510,85,25500.0,-0.4847464877306119,"(1, 94)"
1511,86,25800.0,0.1076552675946624,"(1, 94)"
1512,87,26100.0,0.1347698870526649,"(1, 94)"
1513,88,26400.0,-0.3480671139667108,"(1, 94)"
1514,89,26700.0,0.8879930986038325,"(1, 94)"
1515,90,27000.0,0.5802712966038319,"(1, 94)"
1516,91,27300.0,0.787176295238499,"(1, 94)"
1517,92,27600.0,1.9346406507851377,"(1, 94)"
1518,93,27900.0,2.570930129165135,"(1, 94)"
1519,94,28200.0,2.0029240941992987,"(1, 94)"
1520,76,22800.0,-0.6132062582816729,"(1, 95)"
1521,77,23100.0,-0.3096518958220257,"(1, 95)"
1522,78,23400.0,0.0446459275464479,"(1, 95)"
1523,79,23700.0,-0.1734141030035827,"(1, 95)"
1524,80,24000.0,-0.4133327777055371,"(1, 95)"
1525,81,24300.0,-0.6790746412758796,"(1, 95)"
1526,82,24600.0,0.5624418074330271,"(1, 95)"
1527,83,24900.0,-0.3105552000016831,"(1, 95)"
1528,84,25200.0,0.0900090732513933,"(1, 95)"
1529,85,25500.0,-0.4847464877306119,"(1, 95)"
1530,86,25800.0,0.1076552675946624,"(1, 95)"
1531,87,26100.0,0.1347698870526649,"(1, 95)"
1532,88,26400.0,-0.3480671139667108,"(1, 95)"
1533,89,26700.0,0.8879930986038325,"(1, 95)"
1534,90,27000.0,0.5802712966038319,"(1, 95)"
1535,91,27300.0,0.787176295238499,"(1, 95)"
1536,92,27600.0,1.9346406507851377,"(1, 95)"
1537,93,27900.0,2.570930129165135,"(1, 95)"
1538,94,28200.0,2.0029240941992987,"(1, 95)"
1539,95,28500.0,2.176162574200472,"(1, 95)"
1540,77,23100.0,-0.3096518958220257,"(1, 96)"
1541,78,23400.0,0.0446459275464479,"(1, 96)"
1542,79,23700.0,-0.1734141030035827,"(1, 96)"
1543,80,24000.0,-0.4133327777055371,"(1, 96)"
1544,81,24300.0,-0.6790746412758796,"(1, 96)"
1545,82,24600.0,0.5624418074330271,"(1, 96)"
1546,83,24900.0,-0.3105552000016831,"(1, 96)"
1547,84,25200.0,0.0900090732513933,"(1, 96)"
1548,85,25500.0,-0.4847464877306119,"(1, 96)"
1549,86,25800.0,0.1076552675946624,"(1, 96)"
1550,87,26100.0,0.1347698870526649,"(1, 96)"
1551,88,26400.0,-0.3480671139667108,"(1, 96)"
1552,89,26700.0,0.8879930986038325,"(1, 96)"
1553,90,27000.0,0.5802712966038319,"(1, 96)"
1554,91,27300.0,0.787176295238499,"(1, 96)"
1555,92,27600.0,1.9346406507851377,"(1, 96)"
1556,93,27900.0,2.570930129165135,"(1, 96)"
1557,94,28200.0,2.0029240941992987,"(1, 96)"
1558,95,28500.0,2.176162574200472,"(1, 96)"
1559,96,28800.0,3.52055227648475,"(1, 96)"
1560,78,23400.0,0.0446459275464479,"(1, 97)"
1561,79,23700.0,-0.1734141030035827,"(1, 97)"
1562,80,24000.0,-0.4133327777055371,"(1, 97)"
1563,81,24300.0,-0.6790746412758796,"(1, 97)"
1564,82,24600.0,0.5624418074330271,"(1, 97)"
1565,83,24900.0,-0.3105552000016831,"(1, 97)"
1566,84,25200.0,0.0900090732513933,"(1, 97)"
1567,85,25500.0,-0.4847464877306119,"(1, 97)"
1568,86,25800.0,0.1076552675946624,"(1, 97)"
1569,87,26100.0,0.1347698870526649,"(1, 97)"
1570,88,26400.0,-0.3480671139667108,"(1, 97)"
1571,89,26700.0,0.8879930986038325,"(1, 97)"
1572,90,27000.0,0.5802712966038319,"(1, 97)"
1573,91,27300.0,0.787176295238499,"(1, 97)"
1574,92,27600.0,1.9346406507851377,"(1, 97)"
1575,93,27900.0,2.570930129165135,"(1, 97)"
1576,94,28200.0,2.0029240941992987,"(1, 97)"
1577,95,28500.0,2.176162574200472,"(1, 97)"
1578,96,28800.0,3.52055227648475,"(1, 97)"
1579,97,29100.0,3.2922882399292583,"(1, 97)"
1580,79,23700.0,-0.1734141030035827,"(1, 98)"
1581,80,24000.0,-0.4133327777055371,"(1, 98)"
1582,81,24300.0,-0.6790746412758796,"(1, 98)"
1583,82,24600.0,0.5624418074330271,"(1, 98)"
1584,83,24900.0,-0.3105552000016831,"(1, 98)"
1585,84,25200.0,0.0900090732513933,"(1, 98)"
1586,85,25500.0,-0.4847464877306119,"(1, 98)"
1587,86,25800.0,0.1076552675946624,"(1, 98)"
1588,87,26100.0,0.1347698870526649,"(1, 98)"
1589,88,26400.0,-0.3480671139667108,"(1, 98)"
1590,89,26700.0,0.8879930986038325,"(1, 98)"
1591,90,27000.0,0.5802712966038319,"(1, 98)"
1592,91,27300.0,0.787176295238499,"(1, 98)"
1593,92,27600.0,1.9346406507851377,"(1, 98)"
1594,93,27900.0,2.570930129165135,"(1, 98)"
1595,94,28200.0,2.0029240941992987,"(1, 98)"
1596,95,28500.0,2.176162574200472,"(1, 98)"
1597,96,28800.0,3.52055227648475,"(1, 98)"
1598,97,29100.0,3.2922882399292583,"(1, 98)"
1599,98,29400.0,1.825080544699718,"(1, 98)"
1600,80,24000.0,-0.4133327777055371,"(1, 99)"
1601,81,24300.0,-0.6790746412758796,"(1, 99)"
1602,82,24600.0,0.5624418074330271,"(1, 99)"
1603,83,24900.0,-0.3105552000016831,"(1, 99)"
1604,84,25200.0,0.0900090732513933,"(1, 99)"
1605,85,25500.0,-0.4847464877306119,"(1, 99)"
1606,86,25800.0,0.1076552675946624,"(1, 99)"
1607,87,26100.0,0.1347698870526649,"(1, 99)"
1608,88,26400.0,-0.3480671139667108,"(1, 99)"
1609,89,26700.0,0.8879930986038325,"(1, 99)"
1610,90,27000.0,0.5802712966038319,"(1, 99)"
1611,91,27300.0,0.787176295238499,"(1, 99)"
1612,92,27600.0,1.9346406507851377,"(1, 99)"
1613,93,27900.0,2.570930129165135,"(1, 99)"
1614,94,28200.0,2.0029240941992987,"(1, 99)"
1615,95,28500.0,2.176162574200472,"(1, 99)"
1616,96,28800.0,3.52055227648475,"(1, 99)"
1617,97,29100.0,3.2922882399292583,"(1, 99)"
1618,98,29400.0,1.825080544699718,"(1, 99)"
1619,99,29700.0,1.122639916579738,"(1, 99)"
